W0426 23:28:35.317000 552003 torch/distributed/run.py:803] 
W0426 23:28:35.317000 552003 torch/distributed/run.py:803] *****************************************
W0426 23:28:35.317000 552003 torch/distributed/run.py:803] Setting OMP_NUM_THREADS environment variable for each process to be 1 in default, to avoid your system being overloaded, please further tune the variable for optimal performance in your application as needed. 
W0426 23:28:35.317000 552003 torch/distributed/run.py:803] *****************************************
[W426 23:28:46.409025981 Utils.hpp:137] Warning: Environment variable TORCH_NCCL_TRACE_BUFFER_SIZE is deprecated; use TORCH_FR_BUFFER_SIZE instead (function operator())
[W426 23:28:46.409415920 Utils.hpp:137] Warning: Environment variable TORCH_NCCL_TRACE_BUFFER_SIZE is deprecated; use TORCH_FR_BUFFER_SIZE instead (function operator())
[W426 23:28:46.410824384 Utils.hpp:137] Warning: Environment variable TORCH_NCCL_TRACE_BUFFER_SIZE is deprecated; use TORCH_FR_BUFFER_SIZE instead (function operator())
[W426 23:28:46.411505168 Utils.hpp:137] Warning: Environment variable TORCH_NCCL_TRACE_BUFFER_SIZE is deprecated; use TORCH_FR_BUFFER_SIZE instead (function operator())
[W426 23:28:46.411673055 Utils.hpp:137] Warning: Environment variable TORCH_NCCL_TRACE_BUFFER_SIZE is deprecated; use TORCH_FR_BUFFER_SIZE instead (function operator())
[W426 23:28:46.411740194 Utils.hpp:137] Warning: Environment variable TORCH_NCCL_TRACE_BUFFER_SIZE is deprecated; use TORCH_FR_BUFFER_SIZE instead (function operator())
[W426 23:28:46.411813603 Utils.hpp:137] Warning: Environment variable TORCH_NCCL_TRACE_BUFFER_SIZE is deprecated; use TORCH_FR_BUFFER_SIZE instead (function operator())
[W426 23:28:46.412504142 Utils.hpp:137] Warning: Environment variable TORCH_NCCL_TRACE_BUFFER_SIZE is deprecated; use TORCH_FR_BUFFER_SIZE instead (function operator())
Hyperparameters:
  adam_eps: 1e-08
  adam_wd: 0.02
  artifact_dir: artifacts/loop_untie_fast_s1337
  attn_clip_sigmas: 13.0
  attn_out_gate_enabled: False
  attn_out_gate_src: proj
  beta1: 0.9
  beta2: 0.95
  bump_obs_counterfactual: True
  bump_obs_enabled: True
  bump_obs_end_step: -1
  bump_obs_every: 1
  bump_obs_layer_stats: True
  bump_obs_n: 20
  bump_obs_post_late_offset: 100
  bump_obs_probe_batches: 4
  bump_obs_start_step: -1
  caseops_enabled: True
  compressor: brotli
  data_dir: .
  datasets_dir: ./datasets/fineweb10B_sp8192_lossless_caps_caseops_v1_reserved
  distributed: True
  ema_decay: 0.9965
  embed_bits: 7
  embed_clip_sigmas: 15.0
  embed_lr: 0.6
  embed_wd: 0.085
  enable_looping_at: 999.0
  enable_looping_step: 2200
  eval_only_path: 
  eval_seq_len: 8192
  eval_stride: 64
  force_serialize_in_eval_only: False
  gate_window: 12
  gated_attn_enabled: True
  gated_attn_init_std: 0.005
  gated_attn_quant_gate: True
  global_ttt_batch_seqs: 32
  global_ttt_chunk_tokens: 65536
  global_ttt_epochs: 1
  global_ttt_grad_clip: 1.0
  global_ttt_lr: 0.001
  global_ttt_momentum: 0.9
  global_ttt_respect_doc_boundaries: True
  global_ttt_warmup_chunks: 0
  global_ttt_warmup_start_lr: 0.0
  gptq_calibration_batches: 16
  gptq_reserve_seconds: 4.0
  grad_accum_steps: 1
  grad_clip_norm: 0.3
  is_main_process: True
  iterations: 20000
  ln_scale: True
  local_rank: 0
  logfile: artifacts/loop_untie_fast_s1337/loop_untie_fast_s1337.txt
  logit_softcap: 30.0
  loop_end: 5
  loop_ramp_steps: 0
  loop_scalar_log_enabled: False
  loop_scalar_log_end_step: -1
  loop_scalar_log_every: 1
  loop_scalar_log_post_steps: 400
  loop_scalar_log_pre_steps: 100
  loop_scalar_log_start_step: -1
  loop_start: 3
  loop_untie_extra_scalars: True
  matrix_bits: 6
  matrix_clip_sigmas: 12.85
  matrix_lr: 0.026
  max_wallclock_seconds: 600.0
  min_lr: 0.0
  mlp_clip_sigmas: 12.0
  mlp_mult: 4.0
  model_dim: 512
  model_path: artifacts/loop_untie_fast_s1337/final_model.pt
  muon_backend_steps: 5
  muon_momentum: 0.97
  muon_momentum_warmup_start: 0.92
  muon_momentum_warmup_steps: 1500
  muon_row_normalize: True
  muon_wd: 0.095
  num_heads: 8
  num_kv_heads: 4
  num_layers: 11
  num_loops: 2
  parallel_final_lane: mean
  parallel_start_layer: 8
  phased_ttt_num_phases: 3
  phased_ttt_prefix_docs: 2000
  qk_gain_init: 5.0
  quantized_model_path: artifacts/loop_untie_fast_s1337/final_model.int6.ptz
  rank: 0
  rope_base: 10000.0
  rope_dims: 16
  rope_train_seq_len: 2048
  rope_yarn: True
  run_id: loop_untie_fast_s1337
  scalar_lr: 0.02
  seed: 1337
  seq_len_bump_frac: 0.85
  skip_gates_enabled: True
  smear_gate_enabled: False
  tie_embeddings: True
  tied_embed_init_std: 0.005
  tied_embed_lr: 0.03
  tokenizer_path: ./tokenizers/fineweb_8192_bpe_lossless_caps_caseops_v1_reserved.model
  train_batch_tokens: 786432
  train_files: ./datasets/fineweb10B_sp8192_lossless_caps_caseops_v1_reserved/fineweb_train_*.bin
  train_log_every: 500
  train_seq_len: 2048
  train_seq_len_end: 8192
  ttt_batch_size: 16
  ttt_beta1: 0.0
  ttt_beta2: 0.999
  ttt_chunk_size: 64
  ttt_enabled: True
  ttt_eval_batches: 
  ttt_eval_seq_len: 8192
  ttt_grad_steps: 1
  ttt_k_lora: True
  ttt_lora_lr: 7.5e-05
  ttt_lora_rank: 96
  ttt_mlp_lora: True
  ttt_o_lora: True
  ttt_optimizer: adam
  ttt_weight_decay: 0.5
  val_batch_tokens: 524288
  val_bytes_files: ./datasets/fineweb10B_sp8192_lossless_caps_caseops_v1_reserved/fineweb_val_bytes_*.bin
  val_doc_fraction: 1.0
  val_files: ./datasets/fineweb10B_sp8192_lossless_caps_caseops_v1_reserved/fineweb_val_*.bin
  val_loss_every: 4000
  vocab_size: 8192
  warmdown_frac: 0.75
  warmup_steps: 20
  world_size: 8
  xsa_last_n: 11
train_shards: 80
val_tokens: 47849472
model_params:36001946
loop_extra_scalars:enabled shape_attn:(2, 3, 512) shape_mlp:(2, 3, 512) shape_resid_mix:(2, 3, 2, 512) numel:12288 raw_fp32_bytes:49152
gptq:reserving 4s, effective=596000ms
warmup_cu_buckets:64,128,192,256 iters_each:3
warmup_step: 1/20
warmup_step: 2/20
warmup_step: 3/20
warmup_step: 4/20
warmup_step: 5/20
warmup_step: 6/20
warmup_step: 10/20
warmup_step: 20/20
loop_warmup:enabled encoder:[0, 1, 2, 3, 4, 5, 3, 4] decoder:[5, 3, 4, 5, 6, 7, 8, 9, 10]
loop_warmup_step: 1/20
loop_warmup_step: 2/20
loop_warmup_step: 3/20
loop_warmup_step: 4/20
loop_warmup_step: 5/20
loop_warmup_step: 6/20
loop_warmup_step: 10/20
loop_warmup_step: 20/20
bump_prewarm:seq_len:2048->8192 looping:1
bump_loop_warmup_step: 1/20
bump_loop_warmup_step: 2/20
bump_loop_warmup_step: 3/20
bump_loop_warmup_step: 4/20
bump_loop_warmup_step: 5/20
bump_loop_warmup_step: 6/20
bump_loop_warmup_step: 10/20
bump_loop_warmup_step: 20/20
0/20000 val_loss: 9.0034 val_bpb: 4.1142
1/20000 train_loss: 9.0036 train_time: 0.0m tok/s: 12761405
2/20000 train_loss: 12.9167 train_time: 0.0m tok/s: 11487474
3/20000 train_loss: 10.2019 train_time: 0.0m tok/s: 10189354
4/20000 train_loss: 8.5963 train_time: 0.0m tok/s: 9666254
5/20000 train_loss: 7.8190 train_time: 0.0m tok/s: 9357001
500/20000 train_loss: 2.5893 train_time: 0.8m tok/s: 8091387
1000/20000 train_loss: 2.8120 train_time: 1.6m tok/s: 8047234
1500/20000 train_loss: 2.6389 train_time: 2.4m tok/s: 8034235
2000/20000 train_loss: 2.6664 train_time: 3.3m tok/s: 8029142
bump_probe step:2180 frac:0.358555 phase:pre loop_active:0 loss:2.57937154 bpb:1.18679552 eval_time:115ms
bump_counterfactual step:2180 frac:0.358555 phase:pre p_loop:0.000000 policy_loss:2.57937154 policy_bpb:1.18679552 loop_off_loss:2.57937154 loop_off_bpb:1.18679552 loop_on_loss:2.77669911 loop_on_bpb:1.27758797 delta_loss:0.19732757 delta_bpb:0.09079246
bump_layer_stats step:2180 frac:0.358555 phase:pre layer:0 looped:0 grad_norm:5.39719045e-02 param_norm:1.35669265e+02 grad_param_ratio:3.97819688e-04
bump_layer_stats step:2180 frac:0.358555 phase:pre layer:1 looped:0 grad_norm:4.70577034e-02 param_norm:1.35627650e+02 grad_param_ratio:3.46962463e-04
bump_layer_stats step:2180 frac:0.358555 phase:pre layer:2 looped:0 grad_norm:4.43383008e-02 param_norm:1.38206357e+02 grad_param_ratio:3.20812312e-04
bump_layer_stats step:2180 frac:0.358555 phase:pre layer:3 looped:1 grad_norm:4.40165123e-02 param_norm:1.35381913e+02 grad_param_ratio:3.25128454e-04
bump_layer_stats step:2180 frac:0.358555 phase:pre layer:4 looped:1 grad_norm:4.20316903e-02 param_norm:1.36720158e+02 grad_param_ratio:3.07428627e-04
bump_layer_stats step:2180 frac:0.358555 phase:pre layer:5 looped:1 grad_norm:3.96633857e-02 param_norm:1.36434946e+02 grad_param_ratio:2.90712804e-04
bump_layer_stats step:2180 frac:0.358555 phase:pre layer:6 looped:0 grad_norm:4.22770730e-02 param_norm:1.38509052e+02 grad_param_ratio:3.05229677e-04
bump_layer_stats step:2180 frac:0.358555 phase:pre layer:7 looped:0 grad_norm:3.95699101e-02 param_norm:1.39379910e+02 grad_param_ratio:2.83899667e-04
bump_layer_stats step:2180 frac:0.358555 phase:pre layer:8 looped:0 grad_norm:4.22399538e-02 param_norm:1.41395035e+02 grad_param_ratio:2.98737178e-04
bump_layer_stats step:2180 frac:0.358555 phase:pre layer:9 looped:0 grad_norm:3.80699721e-02 param_norm:1.40726808e+02 grad_param_ratio:2.70523951e-04
bump_layer_stats step:2180 frac:0.358555 phase:pre layer:10 looped:0 grad_norm:5.60832954e-02 param_norm:1.37019699e+02 grad_param_ratio:4.09308266e-04
bump_probe step:2181 frac:0.358731 phase:pre loop_active:0 loss:2.57555801 bpb:1.18504087 eval_time:110ms
bump_counterfactual step:2181 frac:0.358731 phase:pre p_loop:0.000000 policy_loss:2.57555801 policy_bpb:1.18504087 loop_off_loss:2.57555801 loop_off_bpb:1.18504087 loop_on_loss:2.77632364 loop_on_bpb:1.27741522 delta_loss:0.20076563 delta_bpb:0.09237434
bump_layer_stats step:2181 frac:0.358731 phase:pre layer:0 looped:0 grad_norm:5.35030258e-02 param_norm:1.35657764e+02 grad_param_ratio:3.94397077e-04
bump_layer_stats step:2181 frac:0.358731 phase:pre layer:1 looped:0 grad_norm:4.70681825e-02 param_norm:1.35615313e+02 grad_param_ratio:3.47071296e-04
bump_layer_stats step:2181 frac:0.358731 phase:pre layer:2 looped:0 grad_norm:4.48503267e-02 param_norm:1.38198019e+02 grad_param_ratio:3.24536682e-04
bump_layer_stats step:2181 frac:0.358731 phase:pre layer:3 looped:1 grad_norm:4.60057064e-02 param_norm:1.35377612e+02 grad_param_ratio:3.39832456e-04
bump_layer_stats step:2181 frac:0.358731 phase:pre layer:4 looped:1 grad_norm:4.37706570e-02 param_norm:1.36718750e+02 grad_param_ratio:3.20151092e-04
bump_layer_stats step:2181 frac:0.358731 phase:pre layer:5 looped:1 grad_norm:4.05768549e-02 param_norm:1.36432010e+02 grad_param_ratio:2.97414477e-04
bump_layer_stats step:2181 frac:0.358731 phase:pre layer:6 looped:0 grad_norm:4.33730084e-02 param_norm:1.38502659e+02 grad_param_ratio:3.13156504e-04
bump_layer_stats step:2181 frac:0.358731 phase:pre layer:7 looped:0 grad_norm:3.99090253e-02 param_norm:1.39373507e+02 grad_param_ratio:2.86345850e-04
bump_layer_stats step:2181 frac:0.358731 phase:pre layer:8 looped:0 grad_norm:4.12023503e-02 param_norm:1.41389878e+02 grad_param_ratio:2.91409477e-04
bump_layer_stats step:2181 frac:0.358731 phase:pre layer:9 looped:0 grad_norm:3.54576817e-02 param_norm:1.40720087e+02 grad_param_ratio:2.51973136e-04
bump_layer_stats step:2181 frac:0.358731 phase:pre layer:10 looped:0 grad_norm:5.47550395e-02 param_norm:1.37021307e+02 grad_param_ratio:3.99609673e-04
bump_probe step:2182 frac:0.358905 phase:pre loop_active:0 loss:2.57933887 bpb:1.18678049 eval_time:109ms
bump_counterfactual step:2182 frac:0.358905 phase:pre p_loop:0.000000 policy_loss:2.57933887 policy_bpb:1.18678049 loop_off_loss:2.57933887 loop_off_bpb:1.18678049 loop_on_loss:2.78264373 loop_on_bpb:1.28032316 delta_loss:0.20330486 delta_bpb:0.09354267
bump_layer_stats step:2182 frac:0.358905 phase:pre layer:0 looped:0 grad_norm:5.13351092e-02 param_norm:1.35654121e+02 grad_param_ratio:3.78426464e-04
bump_layer_stats step:2182 frac:0.358905 phase:pre layer:1 looped:0 grad_norm:4.31912039e-02 param_norm:1.35604943e+02 grad_param_ratio:3.18507591e-04
bump_layer_stats step:2182 frac:0.358905 phase:pre layer:2 looped:0 grad_norm:4.43526480e-02 param_norm:1.38188782e+02 grad_param_ratio:3.20956935e-04
bump_layer_stats step:2182 frac:0.358905 phase:pre layer:3 looped:1 grad_norm:4.46459855e-02 param_norm:1.35363525e+02 grad_param_ratio:3.29822865e-04
bump_layer_stats step:2182 frac:0.358905 phase:pre layer:4 looped:1 grad_norm:4.06479804e-02 param_norm:1.36711926e+02 grad_param_ratio:2.97325783e-04
bump_layer_stats step:2182 frac:0.358905 phase:pre layer:5 looped:1 grad_norm:3.81665133e-02 param_norm:1.36419278e+02 grad_param_ratio:2.79773606e-04
bump_layer_stats step:2182 frac:0.358905 phase:pre layer:6 looped:0 grad_norm:3.97260033e-02 param_norm:1.38497994e+02 grad_param_ratio:2.86834503e-04
bump_layer_stats step:2182 frac:0.358905 phase:pre layer:7 looped:0 grad_norm:3.77983837e-02 param_norm:1.39365230e+02 grad_param_ratio:2.71218178e-04
bump_layer_stats step:2182 frac:0.358905 phase:pre layer:8 looped:0 grad_norm:3.70049256e-02 param_norm:1.41373025e+02 grad_param_ratio:2.61753794e-04
bump_layer_stats step:2182 frac:0.358905 phase:pre layer:9 looped:0 grad_norm:3.39229184e-02 param_norm:1.40711126e+02 grad_param_ratio:2.41081990e-04
bump_layer_stats step:2182 frac:0.358905 phase:pre layer:10 looped:0 grad_norm:4.80351964e-02 param_norm:1.37001340e+02 grad_param_ratio:3.50618441e-04
bump_probe step:2183 frac:0.359079 phase:pre loop_active:0 loss:2.57732351 bpb:1.18585320 eval_time:110ms
bump_counterfactual step:2183 frac:0.359079 phase:pre p_loop:0.000000 policy_loss:2.57732351 policy_bpb:1.18585320 loop_off_loss:2.57732351 loop_off_bpb:1.18585320 loop_on_loss:2.77452729 loop_on_bpb:1.27658870 delta_loss:0.19720378 delta_bpb:0.09073550
bump_layer_stats step:2183 frac:0.359079 phase:pre layer:0 looped:0 grad_norm:5.07148457e-02 param_norm:1.35647106e+02 grad_param_ratio:3.73873408e-04
bump_layer_stats step:2183 frac:0.359079 phase:pre layer:1 looped:0 grad_norm:4.51787430e-02 param_norm:1.35594254e+02 grad_param_ratio:3.33190688e-04
bump_layer_stats step:2183 frac:0.359079 phase:pre layer:2 looped:0 grad_norm:4.65383619e-02 param_norm:1.38184984e+02 grad_param_ratio:3.36783062e-04
bump_layer_stats step:2183 frac:0.359079 phase:pre layer:3 looped:1 grad_norm:4.81538744e-02 param_norm:1.35358558e+02 grad_param_ratio:3.55750497e-04
bump_layer_stats step:2183 frac:0.359079 phase:pre layer:4 looped:1 grad_norm:4.51382106e-02 param_norm:1.36708570e+02 grad_param_ratio:3.30178353e-04
bump_layer_stats step:2183 frac:0.359079 phase:pre layer:5 looped:1 grad_norm:4.18478970e-02 param_norm:1.36412997e+02 grad_param_ratio:3.06773533e-04
bump_layer_stats step:2183 frac:0.359079 phase:pre layer:6 looped:0 grad_norm:4.26921438e-02 param_norm:1.38487067e+02 grad_param_ratio:3.08275313e-04
bump_layer_stats step:2183 frac:0.359079 phase:pre layer:7 looped:0 grad_norm:3.93276643e-02 param_norm:1.39355676e+02 grad_param_ratio:2.82210711e-04
bump_layer_stats step:2183 frac:0.359079 phase:pre layer:8 looped:0 grad_norm:3.98235861e-02 param_norm:1.41362756e+02 grad_param_ratio:2.81712010e-04
bump_layer_stats step:2183 frac:0.359079 phase:pre layer:9 looped:0 grad_norm:3.70894684e-02 param_norm:1.40699884e+02 grad_param_ratio:2.63606957e-04
bump_layer_stats step:2183 frac:0.359079 phase:pre layer:10 looped:0 grad_norm:5.68740628e-02 param_norm:1.36993528e+02 grad_param_ratio:4.15158757e-04
bump_probe step:2184 frac:0.359253 phase:pre loop_active:0 loss:2.57956797 bpb:1.18688590 eval_time:110ms
bump_counterfactual step:2184 frac:0.359253 phase:pre p_loop:0.000000 policy_loss:2.57956797 policy_bpb:1.18688590 loop_off_loss:2.57956797 loop_off_bpb:1.18688590 loop_on_loss:2.78334552 loop_on_bpb:1.28064606 delta_loss:0.20377755 delta_bpb:0.09376016
bump_layer_stats step:2184 frac:0.359253 phase:pre layer:0 looped:0 grad_norm:5.50726850e-02 param_norm:1.35642156e+02 grad_param_ratio:4.06014521e-04
bump_layer_stats step:2184 frac:0.359253 phase:pre layer:1 looped:0 grad_norm:4.76433695e-02 param_norm:1.35587138e+02 grad_param_ratio:3.51385611e-04
bump_layer_stats step:2184 frac:0.359253 phase:pre layer:2 looped:0 grad_norm:4.78393005e-02 param_norm:1.38176819e+02 grad_param_ratio:3.46217990e-04
bump_layer_stats step:2184 frac:0.359253 phase:pre layer:3 looped:1 grad_norm:4.91551070e-02 param_norm:1.35349038e+02 grad_param_ratio:3.63172931e-04
bump_layer_stats step:2184 frac:0.359253 phase:pre layer:4 looped:1 grad_norm:4.59962561e-02 param_norm:1.36704147e+02 grad_param_ratio:3.36465697e-04
bump_layer_stats step:2184 frac:0.359253 phase:pre layer:5 looped:1 grad_norm:4.28527131e-02 param_norm:1.36406574e+02 grad_param_ratio:3.14154310e-04
bump_layer_stats step:2184 frac:0.359253 phase:pre layer:6 looped:0 grad_norm:4.45860679e-02 param_norm:1.38480579e+02 grad_param_ratio:3.21966214e-04
bump_layer_stats step:2184 frac:0.359253 phase:pre layer:7 looped:0 grad_norm:4.16971796e-02 param_norm:1.39352723e+02 grad_param_ratio:2.99220414e-04
bump_layer_stats step:2184 frac:0.359253 phase:pre layer:8 looped:0 grad_norm:4.06741039e-02 param_norm:1.41353347e+02 grad_param_ratio:2.87747724e-04
bump_layer_stats step:2184 frac:0.359253 phase:pre layer:9 looped:0 grad_norm:4.33504310e-02 param_norm:1.40699389e+02 grad_param_ratio:3.08106747e-04
bump_layer_stats step:2184 frac:0.359253 phase:pre layer:10 looped:0 grad_norm:6.15988655e-02 param_norm:1.36983524e+02 grad_param_ratio:4.49680834e-04
bump_probe step:2185 frac:0.359426 phase:pre loop_active:0 loss:2.57869869 bpb:1.18648593 eval_time:111ms
bump_counterfactual step:2185 frac:0.359426 phase:pre p_loop:0.000000 policy_loss:2.57869869 policy_bpb:1.18648593 loop_off_loss:2.57869869 loop_off_bpb:1.18648593 loop_on_loss:2.77469928 loop_on_bpb:1.27666783 delta_loss:0.19600059 delta_bpb:0.09018190
bump_layer_stats step:2185 frac:0.359426 phase:pre layer:0 looped:0 grad_norm:7.17872556e-02 param_norm:1.35632595e+02 grad_param_ratio:5.29277314e-04
bump_layer_stats step:2185 frac:0.359426 phase:pre layer:1 looped:0 grad_norm:6.70751961e-02 param_norm:1.35573954e+02 grad_param_ratio:4.94749870e-04
bump_layer_stats step:2185 frac:0.359426 phase:pre layer:2 looped:0 grad_norm:6.96951427e-02 param_norm:1.38165759e+02 grad_param_ratio:5.04431369e-04
bump_layer_stats step:2185 frac:0.359426 phase:pre layer:3 looped:1 grad_norm:8.17927644e-02 param_norm:1.35335846e+02 grad_param_ratio:6.04368812e-04
bump_layer_stats step:2185 frac:0.359426 phase:pre layer:4 looped:1 grad_norm:7.66975252e-02 param_norm:1.36698785e+02 grad_param_ratio:5.61069546e-04
bump_layer_stats step:2185 frac:0.359426 phase:pre layer:5 looped:1 grad_norm:6.97171134e-02 param_norm:1.36398170e+02 grad_param_ratio:5.11129390e-04
bump_layer_stats step:2185 frac:0.359426 phase:pre layer:6 looped:0 grad_norm:6.92087693e-02 param_norm:1.38471015e+02 grad_param_ratio:4.99806904e-04
bump_layer_stats step:2185 frac:0.359426 phase:pre layer:7 looped:0 grad_norm:5.70882335e-02 param_norm:1.39339998e+02 grad_param_ratio:4.09704568e-04
bump_layer_stats step:2185 frac:0.359426 phase:pre layer:8 looped:0 grad_norm:6.78553090e-02 param_norm:1.41346538e+02 grad_param_ratio:4.80063468e-04
bump_layer_stats step:2185 frac:0.359426 phase:pre layer:9 looped:0 grad_norm:7.93117631e-02 param_norm:1.40684686e+02 grad_param_ratio:5.63755481e-04
bump_layer_stats step:2185 frac:0.359426 phase:pre layer:10 looped:0 grad_norm:1.20783579e-01 param_norm:1.36973914e+02 grad_param_ratio:8.81799866e-04
bump_probe step:2186 frac:0.359603 phase:pre loop_active:0 loss:2.58354358 bpb:1.18871512 eval_time:110ms
bump_counterfactual step:2186 frac:0.359603 phase:pre p_loop:0.000000 policy_loss:2.58354358 policy_bpb:1.18871512 loop_off_loss:2.58354358 loop_off_bpb:1.18871512 loop_on_loss:2.78875622 loop_on_bpb:1.28313557 delta_loss:0.20521264 delta_bpb:0.09442046
bump_layer_stats step:2186 frac:0.359603 phase:pre layer:0 looped:0 grad_norm:4.98224907e-02 param_norm:1.35626265e+02 grad_param_ratio:3.67351345e-04
bump_layer_stats step:2186 frac:0.359603 phase:pre layer:1 looped:0 grad_norm:4.37323227e-02 param_norm:1.35568472e+02 grad_param_ratio:3.22584757e-04
bump_layer_stats step:2186 frac:0.359603 phase:pre layer:2 looped:0 grad_norm:4.48785466e-02 param_norm:1.38156462e+02 grad_param_ratio:3.24838564e-04
bump_layer_stats step:2186 frac:0.359603 phase:pre layer:3 looped:1 grad_norm:4.63683602e-02 param_norm:1.35324717e+02 grad_param_ratio:3.42645167e-04
bump_layer_stats step:2186 frac:0.359603 phase:pre layer:4 looped:1 grad_norm:4.48074576e-02 param_norm:1.36688973e+02 grad_param_ratio:3.27805943e-04
bump_layer_stats step:2186 frac:0.359603 phase:pre layer:5 looped:1 grad_norm:4.30109293e-02 param_norm:1.36389715e+02 grad_param_ratio:3.15353173e-04
bump_layer_stats step:2186 frac:0.359603 phase:pre layer:6 looped:0 grad_norm:4.48380768e-02 param_norm:1.38455814e+02 grad_param_ratio:3.23843944e-04
bump_layer_stats step:2186 frac:0.359603 phase:pre layer:7 looped:0 grad_norm:4.41010593e-02 param_norm:1.39332174e+02 grad_param_ratio:3.16517413e-04
bump_layer_stats step:2186 frac:0.359603 phase:pre layer:8 looped:0 grad_norm:4.62970250e-02 param_norm:1.41329604e+02 grad_param_ratio:3.27581933e-04
bump_layer_stats step:2186 frac:0.359603 phase:pre layer:9 looped:0 grad_norm:5.30384157e-02 param_norm:1.40680540e+02 grad_param_ratio:3.77013165e-04
bump_layer_stats step:2186 frac:0.359603 phase:pre layer:10 looped:0 grad_norm:6.98405080e-02 param_norm:1.36957691e+02 grad_param_ratio:5.09942211e-04
bump_probe step:2187 frac:0.359781 phase:pre loop_active:0 loss:2.58001023 bpb:1.18708939 eval_time:110ms
bump_counterfactual step:2187 frac:0.359781 phase:pre p_loop:0.000000 policy_loss:2.58001023 policy_bpb:1.18708939 loop_off_loss:2.58001023 loop_off_bpb:1.18708939 loop_on_loss:2.77406493 loop_on_bpb:1.27637596 delta_loss:0.19405469 delta_bpb:0.08928657
bump_layer_stats step:2187 frac:0.359781 phase:pre layer:0 looped:0 grad_norm:5.04226444e-02 param_norm:1.35621041e+02 grad_param_ratio:3.71790719e-04
bump_layer_stats step:2187 frac:0.359781 phase:pre layer:1 looped:0 grad_norm:4.34221998e-02 param_norm:1.35564145e+02 grad_param_ratio:3.20307407e-04
bump_layer_stats step:2187 frac:0.359781 phase:pre layer:2 looped:0 grad_norm:4.41907815e-02 param_norm:1.38155306e+02 grad_param_ratio:3.19863078e-04
bump_layer_stats step:2187 frac:0.359781 phase:pre layer:3 looped:1 grad_norm:4.74580668e-02 param_norm:1.35315616e+02 grad_param_ratio:3.50721285e-04
bump_layer_stats step:2187 frac:0.359781 phase:pre layer:4 looped:1 grad_norm:4.44587803e-02 param_norm:1.36681070e+02 grad_param_ratio:3.25273868e-04
bump_layer_stats step:2187 frac:0.359781 phase:pre layer:5 looped:1 grad_norm:4.23179809e-02 param_norm:1.36381543e+02 grad_param_ratio:3.10291113e-04
bump_layer_stats step:2187 frac:0.359781 phase:pre layer:6 looped:0 grad_norm:4.34874669e-02 param_norm:1.38453191e+02 grad_param_ratio:3.14095086e-04
bump_layer_stats step:2187 frac:0.359781 phase:pre layer:7 looped:0 grad_norm:4.10034197e-02 param_norm:1.39326609e+02 grad_param_ratio:2.94297120e-04
bump_layer_stats step:2187 frac:0.359781 phase:pre layer:8 looped:0 grad_norm:4.25834476e-02 param_norm:1.41325507e+02 grad_param_ratio:3.01314663e-04
bump_layer_stats step:2187 frac:0.359781 phase:pre layer:9 looped:0 grad_norm:4.28827324e-02 param_norm:1.40669662e+02 grad_param_ratio:3.04847057e-04
bump_layer_stats step:2187 frac:0.359781 phase:pre layer:10 looped:0 grad_norm:6.51454147e-02 param_norm:1.36946145e+02 grad_param_ratio:4.75700976e-04
bump_probe step:2188 frac:0.359955 phase:pre loop_active:0 loss:2.58155719 bpb:1.18780116 eval_time:110ms
bump_counterfactual step:2188 frac:0.359955 phase:pre p_loop:0.000000 policy_loss:2.58155719 policy_bpb:1.18780116 loop_off_loss:2.58155719 loop_off_bpb:1.18780116 loop_on_loss:2.78856243 loop_on_bpb:1.28304641 delta_loss:0.20700523 delta_bpb:0.09524525
bump_layer_stats step:2188 frac:0.359955 phase:pre layer:0 looped:0 grad_norm:4.90183001e-02 param_norm:1.35617309e+02 grad_param_ratio:3.61445752e-04
bump_layer_stats step:2188 frac:0.359955 phase:pre layer:1 looped:0 grad_norm:4.33880067e-02 param_norm:1.35564266e+02 grad_param_ratio:3.20054893e-04
bump_layer_stats step:2188 frac:0.359955 phase:pre layer:2 looped:0 grad_norm:4.43928551e-02 param_norm:1.38149281e+02 grad_param_ratio:3.21339747e-04
bump_layer_stats step:2188 frac:0.359955 phase:pre layer:3 looped:1 grad_norm:4.77498802e-02 param_norm:1.35307611e+02 grad_param_ratio:3.52898700e-04
bump_layer_stats step:2188 frac:0.359955 phase:pre layer:4 looped:1 grad_norm:4.71005478e-02 param_norm:1.36671742e+02 grad_param_ratio:3.44625357e-04
bump_layer_stats step:2188 frac:0.359955 phase:pre layer:5 looped:1 grad_norm:4.47658577e-02 param_norm:1.36372486e+02 grad_param_ratio:3.28261654e-04
bump_layer_stats step:2188 frac:0.359955 phase:pre layer:6 looped:0 grad_norm:4.49963517e-02 param_norm:1.38433578e+02 grad_param_ratio:3.25039289e-04
bump_layer_stats step:2188 frac:0.359955 phase:pre layer:7 looped:0 grad_norm:4.12545793e-02 param_norm:1.39312038e+02 grad_param_ratio:2.96130756e-04
bump_layer_stats step:2188 frac:0.359955 phase:pre layer:8 looped:0 grad_norm:4.21007682e-02 param_norm:1.41309964e+02 grad_param_ratio:2.97932056e-04
bump_layer_stats step:2188 frac:0.359955 phase:pre layer:9 looped:0 grad_norm:4.48163460e-02 param_norm:1.40660178e+02 grad_param_ratio:3.18614314e-04
bump_layer_stats step:2188 frac:0.359955 phase:pre layer:10 looped:0 grad_norm:6.70440710e-02 param_norm:1.36932244e+02 grad_param_ratio:4.89614929e-04
bump_probe step:2189 frac:0.360129 phase:pre loop_active:0 loss:2.58217450 bpb:1.18808519 eval_time:110ms
bump_counterfactual step:2189 frac:0.360129 phase:pre p_loop:0.000000 policy_loss:2.58217450 policy_bpb:1.18808519 loop_off_loss:2.58217450 loop_off_bpb:1.18808519 loop_on_loss:2.77468130 loop_on_bpb:1.27665956 delta_loss:0.19250679 delta_bpb:0.08857437
bump_layer_stats step:2189 frac:0.360129 phase:pre layer:0 looped:0 grad_norm:5.36013628e-02 param_norm:1.35605325e+02 grad_param_ratio:3.95274765e-04
bump_layer_stats step:2189 frac:0.360129 phase:pre layer:1 looped:0 grad_norm:4.57149056e-02 param_norm:1.35552897e+02 grad_param_ratio:3.37247721e-04
bump_layer_stats step:2189 frac:0.360129 phase:pre layer:2 looped:0 grad_norm:4.88360675e-02 param_norm:1.38140422e+02 grad_param_ratio:3.53524817e-04
bump_layer_stats step:2189 frac:0.360129 phase:pre layer:3 looped:1 grad_norm:5.16864883e-02 param_norm:1.35292930e+02 grad_param_ratio:3.82033919e-04
bump_layer_stats step:2189 frac:0.360129 phase:pre layer:4 looped:1 grad_norm:5.14123439e-02 param_norm:1.36658803e+02 grad_param_ratio:3.76209530e-04
bump_layer_stats step:2189 frac:0.360129 phase:pre layer:5 looped:1 grad_norm:5.01349749e-02 param_norm:1.36365270e+02 grad_param_ratio:3.67652078e-04
bump_layer_stats step:2189 frac:0.360129 phase:pre layer:6 looped:0 grad_norm:5.07275735e-02 param_norm:1.38436550e+02 grad_param_ratio:3.66431939e-04
bump_layer_stats step:2189 frac:0.360129 phase:pre layer:7 looped:0 grad_norm:4.54194438e-02 param_norm:1.39307528e+02 grad_param_ratio:3.26037253e-04
bump_layer_stats step:2189 frac:0.360129 phase:pre layer:8 looped:0 grad_norm:4.68643891e-02 param_norm:1.41307541e+02 grad_param_ratio:3.31648183e-04
bump_layer_stats step:2189 frac:0.360129 phase:pre layer:9 looped:0 grad_norm:5.32125399e-02 param_norm:1.40647572e+02 grad_param_ratio:3.78339555e-04
bump_layer_stats step:2189 frac:0.360129 phase:pre layer:10 looped:0 grad_norm:8.29550184e-02 param_norm:1.36924056e+02 grad_param_ratio:6.05846927e-04
bump_probe step:2190 frac:0.360303 phase:pre loop_active:0 loss:2.58116203 bpb:1.18761934 eval_time:109ms
bump_counterfactual step:2190 frac:0.360303 phase:pre p_loop:0.000000 policy_loss:2.58116203 policy_bpb:1.18761934 loop_off_loss:2.58116203 loop_off_bpb:1.18761934 loop_on_loss:2.78736010 loop_on_bpb:1.28249320 delta_loss:0.20619807 delta_bpb:0.09487386
bump_layer_stats step:2190 frac:0.360303 phase:pre layer:0 looped:0 grad_norm:5.09105250e-02 param_norm:1.35596590e+02 grad_param_ratio:3.75455790e-04
bump_layer_stats step:2190 frac:0.360303 phase:pre layer:1 looped:0 grad_norm:4.43191726e-02 param_norm:1.35546573e+02 grad_param_ratio:3.26966381e-04
bump_layer_stats step:2190 frac:0.360303 phase:pre layer:2 looped:0 grad_norm:4.46980250e-02 param_norm:1.38126175e+02 grad_param_ratio:3.23602858e-04
bump_layer_stats step:2190 frac:0.360303 phase:pre layer:3 looped:1 grad_norm:4.63258414e-02 param_norm:1.35283105e+02 grad_param_ratio:3.42436267e-04
bump_layer_stats step:2190 frac:0.360303 phase:pre layer:4 looped:1 grad_norm:4.63045071e-02 param_norm:1.36645518e+02 grad_param_ratio:3.38865904e-04
bump_layer_stats step:2190 frac:0.360303 phase:pre layer:5 looped:1 grad_norm:4.42074118e-02 param_norm:1.36353987e+02 grad_param_ratio:3.24210629e-04
bump_layer_stats step:2190 frac:0.360303 phase:pre layer:6 looped:0 grad_norm:4.43261478e-02 param_norm:1.38413671e+02 grad_param_ratio:3.20244001e-04
bump_layer_stats step:2190 frac:0.360303 phase:pre layer:7 looped:0 grad_norm:4.11236797e-02 param_norm:1.39289629e+02 grad_param_ratio:2.95238634e-04
bump_layer_stats step:2190 frac:0.360303 phase:pre layer:8 looped:0 grad_norm:4.10518236e-02 param_norm:1.41286584e+02 grad_param_ratio:2.90557124e-04
bump_layer_stats step:2190 frac:0.360303 phase:pre layer:9 looped:0 grad_norm:4.22915136e-02 param_norm:1.40634934e+02 grad_param_ratio:3.00718409e-04
bump_layer_stats step:2190 frac:0.360303 phase:pre layer:10 looped:0 grad_norm:6.28709348e-02 param_norm:1.36906447e+02 grad_param_ratio:4.59225522e-04
bump_probe step:2191 frac:0.360478 phase:pre loop_active:0 loss:2.57970629 bpb:1.18694954 eval_time:110ms
bump_counterfactual step:2191 frac:0.360478 phase:pre p_loop:0.000000 policy_loss:2.57970629 policy_bpb:1.18694954 loop_off_loss:2.57970629 loop_off_bpb:1.18694954 loop_on_loss:2.76985420 loop_on_bpb:1.27443856 delta_loss:0.19014791 delta_bpb:0.08748902
bump_layer_stats step:2191 frac:0.360478 phase:pre layer:0 looped:0 grad_norm:5.20066700e-02 param_norm:1.35587861e+02 grad_param_ratio:3.83564352e-04
bump_layer_stats step:2191 frac:0.360478 phase:pre layer:1 looped:0 grad_norm:4.46001331e-02 param_norm:1.35540195e+02 grad_param_ratio:3.29054661e-04
bump_layer_stats step:2191 frac:0.360478 phase:pre layer:2 looped:0 grad_norm:4.50710817e-02 param_norm:1.38122727e+02 grad_param_ratio:3.26311843e-04
bump_layer_stats step:2191 frac:0.360478 phase:pre layer:3 looped:1 grad_norm:4.47783795e-02 param_norm:1.35276357e+02 grad_param_ratio:3.31014085e-04
bump_layer_stats step:2191 frac:0.360478 phase:pre layer:4 looped:1 grad_norm:4.19731587e-02 param_norm:1.36637295e+02 grad_param_ratio:3.07186692e-04
bump_layer_stats step:2191 frac:0.360478 phase:pre layer:5 looped:1 grad_norm:3.90783893e-02 param_norm:1.36346297e+02 grad_param_ratio:2.86611299e-04
bump_layer_stats step:2191 frac:0.360478 phase:pre layer:6 looped:0 grad_norm:4.16775991e-02 param_norm:1.38418194e+02 grad_param_ratio:3.01099140e-04
bump_layer_stats step:2191 frac:0.360478 phase:pre layer:7 looped:0 grad_norm:3.98009770e-02 param_norm:1.39290585e+02 grad_param_ratio:2.85740613e-04
bump_layer_stats step:2191 frac:0.360478 phase:pre layer:8 looped:0 grad_norm:4.17401197e-02 param_norm:1.41287870e+02 grad_param_ratio:2.95426066e-04
bump_layer_stats step:2191 frac:0.360478 phase:pre layer:9 looped:0 grad_norm:4.01354193e-02 param_norm:1.40628733e+02 grad_param_ratio:2.85399850e-04
bump_layer_stats step:2191 frac:0.360478 phase:pre layer:10 looped:0 grad_norm:6.23090390e-02 param_norm:1.36902257e+02 grad_param_ratio:4.55135220e-04
bump_probe step:2192 frac:0.360653 phase:pre loop_active:0 loss:2.58114421 bpb:1.18761114 eval_time:110ms
bump_counterfactual step:2192 frac:0.360653 phase:pre p_loop:0.000000 policy_loss:2.58114421 policy_bpb:1.18761114 loop_off_loss:2.58114421 loop_off_bpb:1.18761114 loop_on_loss:2.78736474 loop_on_bpb:1.28249534 delta_loss:0.20622052 delta_bpb:0.09488420
bump_layer_stats step:2192 frac:0.360653 phase:pre layer:0 looped:0 grad_norm:5.13107056e-02 param_norm:1.35578177e+02 grad_param_ratio:3.78458441e-04
bump_layer_stats step:2192 frac:0.360653 phase:pre layer:1 looped:0 grad_norm:4.58098615e-02 param_norm:1.35531523e+02 grad_param_ratio:3.38001526e-04
bump_layer_stats step:2192 frac:0.360653 phase:pre layer:2 looped:0 grad_norm:4.47454453e-02 param_norm:1.38110017e+02 grad_param_ratio:3.23984069e-04
bump_layer_stats step:2192 frac:0.360653 phase:pre layer:3 looped:1 grad_norm:4.75417223e-02 param_norm:1.35268613e+02 grad_param_ratio:3.51461595e-04
bump_layer_stats step:2192 frac:0.360653 phase:pre layer:4 looped:1 grad_norm:4.42331197e-02 param_norm:1.36627320e+02 grad_param_ratio:3.23750182e-04
bump_layer_stats step:2192 frac:0.360653 phase:pre layer:5 looped:1 grad_norm:4.09219204e-02 param_norm:1.36340336e+02 grad_param_ratio:3.00145368e-04
bump_layer_stats step:2192 frac:0.360653 phase:pre layer:6 looped:0 grad_norm:4.09170814e-02 param_norm:1.38405408e+02 grad_param_ratio:2.95632101e-04
bump_layer_stats step:2192 frac:0.360653 phase:pre layer:7 looped:0 grad_norm:3.77200040e-02 param_norm:1.39273737e+02 grad_param_ratio:2.70833574e-04
bump_layer_stats step:2192 frac:0.360653 phase:pre layer:8 looped:0 grad_norm:3.82261860e-02 param_norm:1.41271858e+02 grad_param_ratio:2.70585994e-04
bump_layer_stats step:2192 frac:0.360653 phase:pre layer:9 looped:0 grad_norm:3.91631983e-02 param_norm:1.40618821e+02 grad_param_ratio:2.78506092e-04
bump_layer_stats step:2192 frac:0.360653 phase:pre layer:10 looped:0 grad_norm:5.16158889e-02 param_norm:1.36886388e+02 grad_param_ratio:3.77071014e-04
bump_probe step:2193 frac:0.360826 phase:pre loop_active:0 loss:2.58002483 bpb:1.18709610 eval_time:110ms
bump_counterfactual step:2193 frac:0.360826 phase:pre p_loop:0.000000 policy_loss:2.58002483 policy_bpb:1.18709610 loop_off_loss:2.58002483 loop_off_bpb:1.18709610 loop_on_loss:2.77051499 loop_on_bpb:1.27474260 delta_loss:0.19049017 delta_bpb:0.08764650
bump_layer_stats step:2193 frac:0.360826 phase:pre layer:0 looped:0 grad_norm:5.97449049e-02 param_norm:1.35567898e+02 grad_param_ratio:4.40700974e-04
bump_layer_stats step:2193 frac:0.360826 phase:pre layer:1 looped:0 grad_norm:5.23331389e-02 param_norm:1.35518827e+02 grad_param_ratio:3.86168770e-04
bump_layer_stats step:2193 frac:0.360826 phase:pre layer:2 looped:0 grad_norm:5.29072288e-02 param_norm:1.38101068e+02 grad_param_ratio:3.83105138e-04
bump_layer_stats step:2193 frac:0.360826 phase:pre layer:3 looped:1 grad_norm:5.57507339e-02 param_norm:1.35253556e+02 grad_param_ratio:4.12194220e-04
bump_layer_stats step:2193 frac:0.360826 phase:pre layer:4 looped:1 grad_norm:5.32861242e-02 param_norm:1.36616495e+02 grad_param_ratio:3.90041656e-04
bump_layer_stats step:2193 frac:0.360826 phase:pre layer:5 looped:1 grad_norm:5.00098806e-02 param_norm:1.36330338e+02 grad_param_ratio:3.66828699e-04
bump_layer_stats step:2193 frac:0.360826 phase:pre layer:6 looped:0 grad_norm:5.27590724e-02 param_norm:1.38399979e+02 grad_param_ratio:3.81207229e-04
bump_layer_stats step:2193 frac:0.360826 phase:pre layer:7 looped:0 grad_norm:4.97201552e-02 param_norm:1.39266421e+02 grad_param_ratio:3.57014670e-04
bump_layer_stats step:2193 frac:0.360826 phase:pre layer:8 looped:0 grad_norm:4.74646523e-02 param_norm:1.41268607e+02 grad_param_ratio:3.35988677e-04
bump_layer_stats step:2193 frac:0.360826 phase:pre layer:9 looped:0 grad_norm:4.74219006e-02 param_norm:1.40608944e+02 grad_param_ratio:3.37260911e-04
bump_layer_stats step:2193 frac:0.360826 phase:pre layer:10 looped:0 grad_norm:6.77016975e-02 param_norm:1.36883004e+02 grad_param_ratio:4.94595351e-04
bump_probe step:2194 frac:0.361001 phase:pre loop_active:0 loss:2.58279653 bpb:1.18837139 eval_time:110ms
bump_counterfactual step:2194 frac:0.361001 phase:pre p_loop:0.000000 policy_loss:2.58279653 policy_bpb:1.18837139 loop_off_loss:2.58279653 loop_off_bpb:1.18837139 loop_on_loss:2.79233162 loop_on_bpb:1.28478066 delta_loss:0.20953510 delta_bpb:0.09640926
bump_layer_stats step:2194 frac:0.361001 phase:pre layer:0 looped:0 grad_norm:5.61516093e-02 param_norm:1.35560833e+02 grad_param_ratio:4.14217055e-04
bump_layer_stats step:2194 frac:0.361001 phase:pre layer:1 looped:0 grad_norm:4.78431937e-02 param_norm:1.35507917e+02 grad_param_ratio:3.53065671e-04
bump_layer_stats step:2194 frac:0.361001 phase:pre layer:2 looped:0 grad_norm:4.86225619e-02 param_norm:1.38091854e+02 grad_param_ratio:3.52103043e-04
bump_layer_stats step:2194 frac:0.361001 phase:pre layer:3 looped:1 grad_norm:5.09839208e-02 param_norm:1.35242463e+02 grad_param_ratio:3.76981606e-04
bump_layer_stats step:2194 frac:0.361001 phase:pre layer:4 looped:1 grad_norm:4.62940181e-02 param_norm:1.36604763e+02 grad_param_ratio:3.38890219e-04
bump_layer_stats step:2194 frac:0.361001 phase:pre layer:5 looped:1 grad_norm:4.37485795e-02 param_norm:1.36319983e+02 grad_param_ratio:3.20925653e-04
bump_layer_stats step:2194 frac:0.361001 phase:pre layer:6 looped:0 grad_norm:4.61201161e-02 param_norm:1.38385371e+02 grad_param_ratio:3.33273060e-04
bump_layer_stats step:2194 frac:0.361001 phase:pre layer:7 looped:0 grad_norm:4.22759618e-02 param_norm:1.39249944e+02 grad_param_ratio:3.03597695e-04
bump_layer_stats step:2194 frac:0.361001 phase:pre layer:8 looped:0 grad_norm:4.09766582e-02 param_norm:1.41255353e+02 grad_param_ratio:2.90089242e-04
bump_layer_stats step:2194 frac:0.361001 phase:pre layer:9 looped:0 grad_norm:3.98217679e-02 param_norm:1.40597691e+02 grad_param_ratio:2.83232019e-04
bump_layer_stats step:2194 frac:0.361001 phase:pre layer:10 looped:0 grad_norm:5.59697214e-02 param_norm:1.36863547e+02 grad_param_ratio:4.08945426e-04
bump_probe step:2195 frac:0.361176 phase:pre loop_active:0 loss:2.57587217 bpb:1.18518542 eval_time:110ms
bump_counterfactual step:2195 frac:0.361176 phase:pre p_loop:0.000000 policy_loss:2.57587217 policy_bpb:1.18518542 loop_off_loss:2.57587217 loop_off_bpb:1.18518542 loop_on_loss:2.76639514 loop_on_bpb:1.27284701 delta_loss:0.19052297 delta_bpb:0.08766159
bump_layer_stats step:2195 frac:0.361176 phase:pre layer:0 looped:0 grad_norm:5.55920288e-02 param_norm:1.35549859e+02 grad_param_ratio:4.10122366e-04
bump_layer_stats step:2195 frac:0.361176 phase:pre layer:1 looped:0 grad_norm:4.90846528e-02 param_norm:1.35494487e+02 grad_param_ratio:3.62263101e-04
bump_layer_stats step:2195 frac:0.361176 phase:pre layer:2 looped:0 grad_norm:4.80986003e-02 param_norm:1.38078498e+02 grad_param_ratio:3.48342434e-04
bump_layer_stats step:2195 frac:0.361176 phase:pre layer:3 looped:1 grad_norm:4.81689087e-02 param_norm:1.35229194e+02 grad_param_ratio:3.56201994e-04
bump_layer_stats step:2195 frac:0.361176 phase:pre layer:4 looped:1 grad_norm:4.47176369e-02 param_norm:1.36596070e+02 grad_param_ratio:3.27371329e-04
bump_layer_stats step:2195 frac:0.361176 phase:pre layer:5 looped:1 grad_norm:4.27187327e-02 param_norm:1.36311414e+02 grad_param_ratio:3.13390725e-04
bump_layer_stats step:2195 frac:0.361176 phase:pre layer:6 looped:0 grad_norm:4.46851328e-02 param_norm:1.38378239e+02 grad_param_ratio:3.22920230e-04
bump_layer_stats step:2195 frac:0.361176 phase:pre layer:7 looped:0 grad_norm:4.10645079e-02 param_norm:1.39237300e+02 grad_param_ratio:2.94924622e-04
bump_layer_stats step:2195 frac:0.361176 phase:pre layer:8 looped:0 grad_norm:4.02332622e-02 param_norm:1.41247218e+02 grad_param_ratio:2.84842865e-04
bump_layer_stats step:2195 frac:0.361176 phase:pre layer:9 looped:0 grad_norm:3.96369415e-02 param_norm:1.40579386e+02 grad_param_ratio:2.81954151e-04
bump_layer_stats step:2195 frac:0.361176 phase:pre layer:10 looped:0 grad_norm:5.47333694e-02 param_norm:1.36860881e+02 grad_param_ratio:3.99919750e-04
bump_probe step:2196 frac:0.361350 phase:pre loop_active:0 loss:2.58358864 bpb:1.18873585 eval_time:110ms
bump_counterfactual step:2196 frac:0.361350 phase:pre p_loop:0.000000 policy_loss:2.58358864 policy_bpb:1.18873585 loop_off_loss:2.58358864 loop_off_bpb:1.18873585 loop_on_loss:2.78681329 loop_on_bpb:1.28224161 delta_loss:0.20322465 delta_bpb:0.09350577
bump_layer_stats step:2196 frac:0.361350 phase:pre layer:0 looped:0 grad_norm:5.34930724e-02 param_norm:1.35546001e+02 grad_param_ratio:3.94648842e-04
bump_layer_stats step:2196 frac:0.361350 phase:pre layer:1 looped:0 grad_norm:4.77875019e-02 param_norm:1.35490819e+02 grad_param_ratio:3.52699189e-04
bump_layer_stats step:2196 frac:0.361350 phase:pre layer:2 looped:0 grad_norm:4.66007066e-02 param_norm:1.38076611e+02 grad_param_ratio:3.37498916e-04
bump_layer_stats step:2196 frac:0.361350 phase:pre layer:3 looped:1 grad_norm:4.61305013e-02 param_norm:1.35224895e+02 grad_param_ratio:3.41139118e-04
bump_layer_stats step:2196 frac:0.361350 phase:pre layer:4 looped:1 grad_norm:4.45197297e-02 param_norm:1.36589385e+02 grad_param_ratio:3.25938431e-04
bump_layer_stats step:2196 frac:0.361350 phase:pre layer:5 looped:1 grad_norm:4.25081927e-02 param_norm:1.36306335e+02 grad_param_ratio:3.11857793e-04
bump_layer_stats step:2196 frac:0.361350 phase:pre layer:6 looped:0 grad_norm:4.62323592e-02 param_norm:1.38366737e+02 grad_param_ratio:3.34129142e-04
bump_layer_stats step:2196 frac:0.361350 phase:pre layer:7 looped:0 grad_norm:4.31705421e-02 param_norm:1.39233195e+02 grad_param_ratio:3.10059266e-04
bump_layer_stats step:2196 frac:0.361350 phase:pre layer:8 looped:0 grad_norm:4.02543690e-02 param_norm:1.41235367e+02 grad_param_ratio:2.85016211e-04
bump_layer_stats step:2196 frac:0.361350 phase:pre layer:9 looped:0 grad_norm:4.44896098e-02 param_norm:1.40574509e+02 grad_param_ratio:3.16484191e-04
bump_layer_stats step:2196 frac:0.361350 phase:pre layer:10 looped:0 grad_norm:5.58682206e-02 param_norm:1.36849238e+02 grad_param_ratio:4.08246487e-04
bump_probe step:2197 frac:0.361525 phase:pre loop_active:0 loss:2.57671017 bpb:1.18557100 eval_time:110ms
bump_counterfactual step:2197 frac:0.361525 phase:pre p_loop:0.000000 policy_loss:2.57671017 policy_bpb:1.18557100 loop_off_loss:2.57671017 loop_off_bpb:1.18557100 loop_on_loss:2.77303604 loop_on_bpb:1.27590256 delta_loss:0.19632587 delta_bpb:0.09033156
bump_layer_stats step:2197 frac:0.361525 phase:pre layer:0 looped:0 grad_norm:6.64277265e-02 param_norm:1.35533573e+02 grad_param_ratio:4.90120088e-04
bump_layer_stats step:2197 frac:0.361525 phase:pre layer:1 looped:0 grad_norm:5.62550821e-02 param_norm:1.35475011e+02 grad_param_ratio:4.15243238e-04
bump_layer_stats step:2197 frac:0.361525 phase:pre layer:2 looped:0 grad_norm:5.52704861e-02 param_norm:1.38061696e+02 grad_param_ratio:4.00331793e-04
bump_layer_stats step:2197 frac:0.361525 phase:pre layer:3 looped:1 grad_norm:5.35571683e-02 param_norm:1.35208716e+02 grad_param_ratio:3.96107365e-04
bump_layer_stats step:2197 frac:0.361525 phase:pre layer:4 looped:1 grad_norm:5.02672962e-02 param_norm:1.36576821e+02 grad_param_ratio:3.68051444e-04
bump_layer_stats step:2197 frac:0.361525 phase:pre layer:5 looped:1 grad_norm:4.79881507e-02 param_norm:1.36289357e+02 grad_param_ratio:3.52104902e-04
bump_layer_stats step:2197 frac:0.361525 phase:pre layer:6 looped:0 grad_norm:5.28441756e-02 param_norm:1.38354748e+02 grad_param_ratio:3.81946962e-04
bump_layer_stats step:2197 frac:0.361525 phase:pre layer:7 looped:0 grad_norm:4.83483164e-02 param_norm:1.39211792e+02 grad_param_ratio:3.47300440e-04
bump_layer_stats step:2197 frac:0.361525 phase:pre layer:8 looped:0 grad_norm:4.45153607e-02 param_norm:1.41226477e+02 grad_param_ratio:3.15205489e-04
bump_layer_stats step:2197 frac:0.361525 phase:pre layer:9 looped:0 grad_norm:4.68593630e-02 param_norm:1.40552667e+02 grad_param_ratio:3.33393624e-04
bump_layer_stats step:2197 frac:0.361525 phase:pre layer:10 looped:0 grad_norm:6.10225194e-02 param_norm:1.36841438e+02 grad_param_ratio:4.45935970e-04
bump_probe step:2198 frac:0.361698 phase:pre loop_active:0 loss:2.57967013 bpb:1.18693290 eval_time:110ms
bump_counterfactual step:2198 frac:0.361698 phase:pre p_loop:0.000000 policy_loss:2.57967013 policy_bpb:1.18693290 loop_off_loss:2.57967013 loop_off_bpb:1.18693290 loop_on_loss:2.77458466 loop_on_bpb:1.27661510 delta_loss:0.19491453 delta_bpb:0.08968219
bump_layer_stats step:2198 frac:0.361698 phase:pre layer:0 looped:0 grad_norm:6.88563265e-02 param_norm:1.35525299e+02 grad_param_ratio:5.08069912e-04
bump_layer_stats step:2198 frac:0.361698 phase:pre layer:1 looped:0 grad_norm:6.47906643e-02 param_norm:1.35470649e+02 grad_param_ratio:4.78263483e-04
bump_layer_stats step:2198 frac:0.361698 phase:pre layer:2 looped:0 grad_norm:5.78713128e-02 param_norm:1.38061260e+02 grad_param_ratio:4.19171264e-04
bump_layer_stats step:2198 frac:0.361698 phase:pre layer:3 looped:1 grad_norm:5.95695882e-02 param_norm:1.35200980e+02 grad_param_ratio:4.40600270e-04
bump_layer_stats step:2198 frac:0.361698 phase:pre layer:4 looped:1 grad_norm:5.39920861e-02 param_norm:1.36573070e+02 grad_param_ratio:3.95334790e-04
bump_layer_stats step:2198 frac:0.361698 phase:pre layer:5 looped:1 grad_norm:5.06499138e-02 param_norm:1.36282470e+02 grad_param_ratio:3.71653916e-04
bump_layer_stats step:2198 frac:0.361698 phase:pre layer:6 looped:0 grad_norm:5.49953632e-02 param_norm:1.38346170e+02 grad_param_ratio:3.97519954e-04
bump_layer_stats step:2198 frac:0.361698 phase:pre layer:7 looped:0 grad_norm:4.96131810e-02 param_norm:1.39212975e+02 grad_param_ratio:3.56383310e-04
bump_layer_stats step:2198 frac:0.361698 phase:pre layer:8 looped:0 grad_norm:4.58034811e-02 param_norm:1.41214701e+02 grad_param_ratio:3.24353491e-04
bump_layer_stats step:2198 frac:0.361698 phase:pre layer:9 looped:0 grad_norm:4.30949858e-02 param_norm:1.40551122e+02 grad_param_ratio:3.06614313e-04
bump_layer_stats step:2198 frac:0.361698 phase:pre layer:10 looped:0 grad_norm:6.46147319e-02 param_norm:1.36825983e+02 grad_param_ratio:4.72240218e-04
bump_probe step:2199 frac:0.361871 phase:pre loop_active:0 loss:2.57976497 bpb:1.18697654 eval_time:110ms
bump_counterfactual step:2199 frac:0.361871 phase:pre p_loop:0.000000 policy_loss:2.57976497 policy_bpb:1.18697654 loop_off_loss:2.57976497 loop_off_bpb:1.18697654 loop_on_loss:2.78336586 loop_on_bpb:1.28065542 delta_loss:0.20360089 delta_bpb:0.09367888
bump_layer_stats step:2199 frac:0.361871 phase:pre layer:0 looped:0 grad_norm:5.15281281e-02 param_norm:1.35506586e+02 grad_param_ratio:3.80262906e-04
bump_layer_stats step:2199 frac:0.361871 phase:pre layer:1 looped:0 grad_norm:4.67632586e-02 param_norm:1.35447877e+02 grad_param_ratio:3.45249106e-04
bump_layer_stats step:2199 frac:0.361871 phase:pre layer:2 looped:0 grad_norm:4.83433700e-02 param_norm:1.38038075e+02 grad_param_ratio:3.50217649e-04
bump_layer_stats step:2199 frac:0.361871 phase:pre layer:3 looped:1 grad_norm:5.01940918e-02 param_norm:1.35183969e+02 grad_param_ratio:3.71302101e-04
bump_layer_stats step:2199 frac:0.361871 phase:pre layer:4 looped:1 grad_norm:4.94240856e-02 param_norm:1.36555661e+02 grad_param_ratio:3.61933626e-04
bump_layer_stats step:2199 frac:0.361871 phase:pre layer:5 looped:1 grad_norm:4.71671393e-02 param_norm:1.36261376e+02 grad_param_ratio:3.46151939e-04
bump_layer_stats step:2199 frac:0.361871 phase:pre layer:6 looped:0 grad_norm:4.89279695e-02 param_norm:1.38325633e+02 grad_param_ratio:3.53715856e-04
bump_layer_stats step:2199 frac:0.361871 phase:pre layer:7 looped:0 grad_norm:4.43345158e-02 param_norm:1.39190017e+02 grad_param_ratio:3.18517928e-04
bump_layer_stats step:2199 frac:0.361871 phase:pre layer:8 looped:0 grad_norm:3.98943766e-02 param_norm:1.41199168e+02 grad_param_ratio:2.82539744e-04
bump_layer_stats step:2199 frac:0.361871 phase:pre layer:9 looped:0 grad_norm:3.71231631e-02 param_norm:1.40530707e+02 grad_param_ratio:2.64164067e-04
bump_layer_stats step:2199 frac:0.361871 phase:pre layer:10 looped:0 grad_norm:5.82545417e-02 param_norm:1.36818117e+02 grad_param_ratio:4.25780905e-04
layer_loop:enabled step:2200 frac:0.362 trigger:step p_loop:1.000000 encoder:[0, 1, 2, 3, 4, 5, 3, 4] decoder:[5, 3, 4, 5, 6, 7, 8, 9, 10]
bump_probe step:2200 frac:0.362045 phase:post_early loop_active:1 loss:2.77359755 bpb:1.27616092 eval_time:156ms
bump_counterfactual step:2200 frac:0.362045 phase:post_early p_loop:1.000000 policy_loss:2.77359755 policy_bpb:1.27616092 loop_off_loss:2.58245997 loop_off_bpb:1.18821654 loop_on_loss:2.77359755 loop_on_bpb:1.27616092 delta_loss:0.19113758 delta_bpb:0.08794438
bump_layer_stats step:2200 frac:0.362045 phase:post_early layer:0 looped:0 grad_norm:8.77787502e-02 param_norm:1.35498751e+02 grad_param_ratio:6.47819625e-04
bump_layer_stats step:2200 frac:0.362045 phase:post_early layer:1 looped:0 grad_norm:7.45236590e-02 param_norm:1.35439256e+02 grad_param_ratio:5.50236773e-04
bump_layer_stats step:2200 frac:0.362045 phase:post_early layer:2 looped:0 grad_norm:6.09471942e-02 param_norm:1.38038223e+02 grad_param_ratio:4.41524042e-04
bump_layer_stats step:2200 frac:0.362045 phase:post_early layer:3 looped:1 grad_norm:6.22900072e-02 param_norm:1.35176350e+02 grad_param_ratio:4.60805513e-04
bump_layer_stats step:2200 frac:0.362045 phase:post_early layer:4 looped:1 grad_norm:6.37159930e-02 param_norm:1.36551531e+02 grad_param_ratio:4.66607680e-04
bump_layer_stats step:2200 frac:0.362045 phase:post_early layer:5 looped:1 grad_norm:4.64457326e-02 param_norm:1.36257820e+02 grad_param_ratio:3.40866547e-04
bump_layer_stats step:2200 frac:0.362045 phase:post_early layer:6 looped:0 grad_norm:7.97674552e-02 param_norm:1.38329100e+02 grad_param_ratio:5.76649853e-04
bump_layer_stats step:2200 frac:0.362045 phase:post_early layer:7 looped:0 grad_norm:6.64312078e-02 param_norm:1.39192598e+02 grad_param_ratio:4.77261066e-04
bump_layer_stats step:2200 frac:0.362045 phase:post_early layer:8 looped:0 grad_norm:7.17270926e-02 param_norm:1.41196263e+02 grad_param_ratio:5.07995686e-04
bump_layer_stats step:2200 frac:0.362045 phase:post_early layer:9 looped:0 grad_norm:6.52358411e-02 param_norm:1.40528153e+02 grad_param_ratio:4.64219017e-04
bump_layer_stats step:2200 frac:0.362045 phase:post_early layer:10 looped:0 grad_norm:1.02667960e-01 param_norm:1.36804025e+02 grad_param_ratio:7.50474706e-04
bump_probe step:2201 frac:0.362299 phase:post_early loop_active:1 loss:2.68331497 bpb:1.23462097 eval_time:156ms
bump_counterfactual step:2201 frac:0.362299 phase:post_early p_loop:1.000000 policy_loss:2.68331497 policy_bpb:1.23462097 loop_off_loss:2.61512287 loop_off_bpb:1.20324508 loop_on_loss:2.68331497 loop_on_bpb:1.23462097 delta_loss:0.06819210 delta_bpb:0.03137589
bump_layer_stats step:2201 frac:0.362299 phase:post_early layer:0 looped:0 grad_norm:6.99955526e-02 param_norm:1.35439214e+02 grad_param_ratio:5.16804186e-04
bump_layer_stats step:2201 frac:0.362299 phase:post_early layer:1 looped:0 grad_norm:5.99793272e-02 param_norm:1.35387433e+02 grad_param_ratio:4.43019901e-04
bump_layer_stats step:2201 frac:0.362299 phase:post_early layer:2 looped:0 grad_norm:5.34890914e-02 param_norm:1.38010657e+02 grad_param_ratio:3.87572183e-04
bump_layer_stats step:2201 frac:0.362299 phase:post_early layer:3 looped:1 grad_norm:4.74269940e-02 param_norm:1.35167914e+02 grad_param_ratio:3.50874646e-04
bump_layer_stats step:2201 frac:0.362299 phase:post_early layer:4 looped:1 grad_norm:5.30742779e-02 param_norm:1.36557391e+02 grad_param_ratio:3.88659139e-04
bump_layer_stats step:2201 frac:0.362299 phase:post_early layer:5 looped:1 grad_norm:4.15282311e-02 param_norm:1.36329375e+02 grad_param_ratio:3.04616896e-04
bump_layer_stats step:2201 frac:0.362299 phase:post_early layer:6 looped:0 grad_norm:6.63983860e-02 param_norm:1.38333322e+02 grad_param_ratio:4.79988372e-04
bump_layer_stats step:2201 frac:0.362299 phase:post_early layer:7 looped:0 grad_norm:5.99501310e-02 param_norm:1.39144004e+02 grad_param_ratio:4.30849547e-04
bump_layer_stats step:2201 frac:0.362299 phase:post_early layer:8 looped:0 grad_norm:6.32485367e-02 param_norm:1.41169406e+02 grad_param_ratio:4.48032889e-04
bump_layer_stats step:2201 frac:0.362299 phase:post_early layer:9 looped:0 grad_norm:6.69147426e-02 param_norm:1.40480095e+02 grad_param_ratio:4.76328995e-04
bump_layer_stats step:2201 frac:0.362299 phase:post_early layer:10 looped:0 grad_norm:1.02305642e-01 param_norm:1.36773191e+02 grad_param_ratio:7.47994845e-04
bump_probe step:2202 frac:0.362545 phase:post_early loop_active:1 loss:2.65253396 bpb:1.22045831 eval_time:156ms
bump_counterfactual step:2202 frac:0.362545 phase:post_early p_loop:1.000000 policy_loss:2.65253396 policy_bpb:1.22045831 loop_off_loss:2.63979852 loop_off_bpb:1.21459860 loop_on_loss:2.65253396 loop_on_bpb:1.22045831 delta_loss:0.01273545 delta_bpb:0.00585971
bump_layer_stats step:2202 frac:0.362545 phase:post_early layer:0 looped:0 grad_norm:6.60923649e-02 param_norm:1.35366771e+02 grad_param_ratio:4.88246595e-04
bump_layer_stats step:2202 frac:0.362545 phase:post_early layer:1 looped:0 grad_norm:6.28548846e-02 param_norm:1.35317633e+02 grad_param_ratio:4.64498848e-04
bump_layer_stats step:2202 frac:0.362545 phase:post_early layer:2 looped:0 grad_norm:5.68478460e-02 param_norm:1.37958291e+02 grad_param_ratio:4.12065456e-04
bump_layer_stats step:2202 frac:0.362545 phase:post_early layer:3 looped:1 grad_norm:5.07057683e-02 param_norm:1.35155724e+02 grad_param_ratio:3.75165526e-04
bump_layer_stats step:2202 frac:0.362545 phase:post_early layer:4 looped:1 grad_norm:5.56344703e-02 param_norm:1.36551966e+02 grad_param_ratio:4.07423431e-04
bump_layer_stats step:2202 frac:0.362545 phase:post_early layer:5 looped:1 grad_norm:4.03429279e-02 param_norm:1.36428617e+02 grad_param_ratio:2.95707227e-04
bump_layer_stats step:2202 frac:0.362545 phase:post_early layer:6 looped:0 grad_norm:5.96358994e-02 param_norm:1.38302879e+02 grad_param_ratio:4.31197816e-04
bump_layer_stats step:2202 frac:0.362545 phase:post_early layer:7 looped:0 grad_norm:5.84553768e-02 param_norm:1.39070637e+02 grad_param_ratio:4.20328675e-04
bump_layer_stats step:2202 frac:0.362545 phase:post_early layer:8 looped:0 grad_norm:5.69682361e-02 param_norm:1.41133790e+02 grad_param_ratio:4.03647036e-04
bump_layer_stats step:2202 frac:0.362545 phase:post_early layer:9 looped:0 grad_norm:4.88101115e-02 param_norm:1.40440223e+02 grad_param_ratio:3.47550798e-04
bump_layer_stats step:2202 frac:0.362545 phase:post_early layer:10 looped:0 grad_norm:7.55123819e-02 param_norm:1.36760196e+02 grad_param_ratio:5.52151752e-04
bump_probe step:2203 frac:0.362796 phase:post_early loop_active:1 loss:2.63961351 bpb:1.21451347 eval_time:159ms
bump_counterfactual step:2203 frac:0.362796 phase:post_early p_loop:1.000000 policy_loss:2.63961351 policy_bpb:1.21451347 loop_off_loss:2.65267612 loop_off_bpb:1.22052372 loop_on_loss:2.63961351 loop_on_bpb:1.21451347 delta_loss:-0.01306261 delta_bpb:-0.00601024
bump_layer_stats step:2203 frac:0.362796 phase:post_early layer:0 looped:0 grad_norm:6.23448109e-02 param_norm:1.35290434e+02 grad_param_ratio:4.60822020e-04
bump_layer_stats step:2203 frac:0.362796 phase:post_early layer:1 looped:0 grad_norm:5.84298265e-02 param_norm:1.35240604e+02 grad_param_ratio:4.32043520e-04
bump_layer_stats step:2203 frac:0.362796 phase:post_early layer:2 looped:0 grad_norm:4.77850906e-02 param_norm:1.37903550e+02 grad_param_ratio:3.46510952e-04
bump_layer_stats step:2203 frac:0.362796 phase:post_early layer:3 looped:1 grad_norm:4.37837674e-02 param_norm:1.35147434e+02 grad_param_ratio:3.23970394e-04
bump_layer_stats step:2203 frac:0.362796 phase:post_early layer:4 looped:1 grad_norm:4.45015169e-02 param_norm:1.36537059e+02 grad_param_ratio:3.25929951e-04
bump_layer_stats step:2203 frac:0.362796 phase:post_early layer:5 looped:1 grad_norm:3.59454716e-02 param_norm:1.36531763e+02 grad_param_ratio:2.63275526e-04
bump_layer_stats step:2203 frac:0.362796 phase:post_early layer:6 looped:0 grad_norm:4.86827417e-02 param_norm:1.38278884e+02 grad_param_ratio:3.52062009e-04
bump_layer_stats step:2203 frac:0.362796 phase:post_early layer:7 looped:0 grad_norm:5.01278030e-02 param_norm:1.38995592e+02 grad_param_ratio:3.60643113e-04
bump_layer_stats step:2203 frac:0.362796 phase:post_early layer:8 looped:0 grad_norm:5.19169260e-02 param_norm:1.41103933e+02 grad_param_ratio:3.67933939e-04
bump_layer_stats step:2203 frac:0.362796 phase:post_early layer:9 looped:0 grad_norm:5.16313050e-02 param_norm:1.40402652e+02 grad_param_ratio:3.67737392e-04
bump_layer_stats step:2203 frac:0.362796 phase:post_early layer:10 looped:0 grad_norm:7.07810979e-02 param_norm:1.36752042e+02 grad_param_ratio:5.17587138e-04
bump_probe step:2204 frac:0.363046 phase:post_early loop_active:1 loss:2.63407262 bpb:1.21196405 eval_time:157ms
bump_counterfactual step:2204 frac:0.363046 phase:post_early p_loop:1.000000 policy_loss:2.63407262 policy_bpb:1.21196405 loop_off_loss:2.65960457 loop_off_bpb:1.22371156 loop_on_loss:2.63407262 loop_on_bpb:1.21196405 delta_loss:-0.02553195 delta_bpb:-0.01174751
bump_layer_stats step:2204 frac:0.363046 phase:post_early layer:0 looped:0 grad_norm:6.03430908e-02 param_norm:1.35234528e+02 grad_param_ratio:4.46210680e-04
bump_layer_stats step:2204 frac:0.363046 phase:post_early layer:1 looped:0 grad_norm:5.27295459e-02 param_norm:1.35178422e+02 grad_param_ratio:3.90073689e-04
bump_layer_stats step:2204 frac:0.363046 phase:post_early layer:2 looped:0 grad_norm:4.68123006e-02 param_norm:1.37863966e+02 grad_param_ratio:3.39554285e-04
bump_layer_stats step:2204 frac:0.363046 phase:post_early layer:3 looped:1 grad_norm:4.48381188e-02 param_norm:1.35150356e+02 grad_param_ratio:3.31764710e-04
bump_layer_stats step:2204 frac:0.363046 phase:post_early layer:4 looped:1 grad_norm:4.93496392e-02 param_norm:1.36525946e+02 grad_param_ratio:3.61467110e-04
bump_layer_stats step:2204 frac:0.363046 phase:post_early layer:5 looped:1 grad_norm:4.00243541e-02 param_norm:1.36636020e+02 grad_param_ratio:2.92926816e-04
bump_layer_stats step:2204 frac:0.363046 phase:post_early layer:6 looped:0 grad_norm:5.06013519e-02 param_norm:1.38267497e+02 grad_param_ratio:3.65967078e-04
bump_layer_stats step:2204 frac:0.363046 phase:post_early layer:7 looped:0 grad_norm:4.78807518e-02 param_norm:1.38937446e+02 grad_param_ratio:3.44620929e-04
bump_layer_stats step:2204 frac:0.363046 phase:post_early layer:8 looped:0 grad_norm:4.61326294e-02 param_norm:1.41067592e+02 grad_param_ratio:3.27025002e-04
bump_layer_stats step:2204 frac:0.363046 phase:post_early layer:9 looped:0 grad_norm:5.49428564e-02 param_norm:1.40386462e+02 grad_param_ratio:3.91368623e-04
bump_layer_stats step:2204 frac:0.363046 phase:post_early layer:10 looped:0 grad_norm:7.39330346e-02 param_norm:1.36747845e+02 grad_param_ratio:5.40652284e-04
bump_probe step:2205 frac:0.363294 phase:post_early loop_active:1 loss:2.62556022 bpb:1.20804741 eval_time:158ms
bump_counterfactual step:2205 frac:0.363294 phase:post_early p_loop:1.000000 policy_loss:2.62556022 policy_bpb:1.20804741 loop_off_loss:2.65673880 loop_off_bpb:1.22239299 loop_on_loss:2.62556022 loop_on_bpb:1.20804741 delta_loss:-0.03117858 delta_bpb:-0.01434559
bump_layer_stats step:2205 frac:0.363294 phase:post_early layer:0 looped:0 grad_norm:5.78168383e-02 param_norm:1.35182324e+02 grad_param_ratio:4.27695255e-04
bump_layer_stats step:2205 frac:0.363294 phase:post_early layer:1 looped:0 grad_norm:5.29968013e-02 param_norm:1.35113301e+02 grad_param_ratio:3.92239704e-04
bump_layer_stats step:2205 frac:0.363294 phase:post_early layer:2 looped:0 grad_norm:4.80606228e-02 param_norm:1.37823145e+02 grad_param_ratio:3.48712278e-04
bump_layer_stats step:2205 frac:0.363294 phase:post_early layer:3 looped:1 grad_norm:4.66748805e-02 param_norm:1.35146441e+02 grad_param_ratio:3.45365220e-04
bump_layer_stats step:2205 frac:0.363294 phase:post_early layer:4 looped:1 grad_norm:5.02372499e-02 param_norm:1.36500434e+02 grad_param_ratio:3.68037291e-04
bump_layer_stats step:2205 frac:0.363294 phase:post_early layer:5 looped:1 grad_norm:4.14703544e-02 param_norm:1.36720236e+02 grad_param_ratio:3.03322724e-04
bump_layer_stats step:2205 frac:0.363294 phase:post_early layer:6 looped:0 grad_norm:4.84962280e-02 param_norm:1.38242047e+02 grad_param_ratio:3.50806640e-04
bump_layer_stats step:2205 frac:0.363294 phase:post_early layer:7 looped:0 grad_norm:4.60545054e-02 param_norm:1.38870022e+02 grad_param_ratio:3.31637490e-04
bump_layer_stats step:2205 frac:0.363294 phase:post_early layer:8 looped:0 grad_norm:4.60474710e-02 param_norm:1.41045935e+02 grad_param_ratio:3.26471450e-04
bump_layer_stats step:2205 frac:0.363294 phase:post_early layer:9 looped:0 grad_norm:4.54141493e-02 param_norm:1.40352893e+02 grad_param_ratio:3.23571166e-04
bump_layer_stats step:2205 frac:0.363294 phase:post_early layer:10 looped:0 grad_norm:7.08300992e-02 param_norm:1.36734146e+02 grad_param_ratio:5.18013250e-04
bump_probe step:2206 frac:0.363541 phase:post_early loop_active:1 loss:2.62051488 bpb:1.20572600 eval_time:157ms
bump_counterfactual step:2206 frac:0.363541 phase:post_early p_loop:1.000000 policy_loss:2.62051488 policy_bpb:1.20572600 loop_off_loss:2.66112590 loop_off_bpb:1.22441155 loop_on_loss:2.62051488 loop_on_bpb:1.20572600 delta_loss:-0.04061102 delta_bpb:-0.01868555
bump_layer_stats step:2206 frac:0.363541 phase:post_early layer:0 looped:0 grad_norm:5.33474667e-02 param_norm:1.35146156e+02 grad_param_ratio:3.94739061e-04
bump_layer_stats step:2206 frac:0.363541 phase:post_early layer:1 looped:0 grad_norm:4.89506253e-02 param_norm:1.35059345e+02 grad_param_ratio:3.62437900e-04
bump_layer_stats step:2206 frac:0.363541 phase:post_early layer:2 looped:0 grad_norm:4.72480742e-02 param_norm:1.37792519e+02 grad_param_ratio:3.42892885e-04
bump_layer_stats step:2206 frac:0.363541 phase:post_early layer:3 looped:1 grad_norm:4.59495471e-02 param_norm:1.35149327e+02 grad_param_ratio:3.39990944e-04
bump_layer_stats step:2206 frac:0.363541 phase:post_early layer:4 looped:1 grad_norm:4.81970294e-02 param_norm:1.36479852e+02 grad_param_ratio:3.53143916e-04
bump_layer_stats step:2206 frac:0.363541 phase:post_early layer:5 looped:1 grad_norm:4.03086451e-02 param_norm:1.36798825e+02 grad_param_ratio:2.94656369e-04
bump_layer_stats step:2206 frac:0.363541 phase:post_early layer:6 looped:0 grad_norm:4.79225010e-02 param_norm:1.38219739e+02 grad_param_ratio:3.46712425e-04
bump_layer_stats step:2206 frac:0.363541 phase:post_early layer:7 looped:0 grad_norm:4.51129073e-02 param_norm:1.38818934e+02 grad_param_ratio:3.24976614e-04
bump_layer_stats step:2206 frac:0.363541 phase:post_early layer:8 looped:0 grad_norm:4.46479522e-02 param_norm:1.41022474e+02 grad_param_ratio:3.16601679e-04
bump_layer_stats step:2206 frac:0.363541 phase:post_early layer:9 looped:0 grad_norm:4.66997703e-02 param_norm:1.40338815e+02 grad_param_ratio:3.32764462e-04
bump_layer_stats step:2206 frac:0.363541 phase:post_early layer:10 looped:0 grad_norm:7.11327759e-02 param_norm:1.36722178e+02 grad_param_ratio:5.20272402e-04
bump_probe step:2207 frac:0.363792 phase:post_early loop_active:1 loss:2.61243528 bpb:1.20200849 eval_time:157ms
bump_counterfactual step:2207 frac:0.363792 phase:post_early p_loop:1.000000 policy_loss:2.61243528 policy_bpb:1.20200849 loop_off_loss:2.65529170 loop_off_bpb:1.22172717 loop_on_loss:2.61243528 loop_on_bpb:1.20200849 delta_loss:-0.04285642 delta_bpb:-0.01971868
bump_layer_stats step:2207 frac:0.363792 phase:post_early layer:0 looped:0 grad_norm:5.20317174e-02 param_norm:1.35108038e+02 grad_param_ratio:3.85111932e-04
bump_layer_stats step:2207 frac:0.363792 phase:post_early layer:1 looped:0 grad_norm:4.72097573e-02 param_norm:1.35002904e+02 grad_param_ratio:3.49694383e-04
bump_layer_stats step:2207 frac:0.363792 phase:post_early layer:2 looped:0 grad_norm:4.65730046e-02 param_norm:1.37764439e+02 grad_param_ratio:3.38062600e-04
bump_layer_stats step:2207 frac:0.363792 phase:post_early layer:3 looped:1 grad_norm:4.28826909e-02 param_norm:1.35153846e+02 grad_param_ratio:3.17287980e-04
bump_layer_stats step:2207 frac:0.363792 phase:post_early layer:4 looped:1 grad_norm:4.38426993e-02 param_norm:1.36461847e+02 grad_param_ratio:3.21281736e-04
bump_layer_stats step:2207 frac:0.363792 phase:post_early layer:5 looped:1 grad_norm:3.66983486e-02 param_norm:1.36878166e+02 grad_param_ratio:2.68109588e-04
bump_layer_stats step:2207 frac:0.363792 phase:post_early layer:6 looped:0 grad_norm:4.39360442e-02 param_norm:1.38198414e+02 grad_param_ratio:3.17920031e-04
bump_layer_stats step:2207 frac:0.363792 phase:post_early layer:7 looped:0 grad_norm:4.26744314e-02 param_norm:1.38774976e+02 grad_param_ratio:3.07508116e-04
bump_layer_stats step:2207 frac:0.363792 phase:post_early layer:8 looped:0 grad_norm:4.56533583e-02 param_norm:1.41015775e+02 grad_param_ratio:3.23746462e-04
bump_layer_stats step:2207 frac:0.363792 phase:post_early layer:9 looped:0 grad_norm:4.04989460e-02 param_norm:1.40316422e+02 grad_param_ratio:2.88625846e-04
bump_layer_stats step:2207 frac:0.363792 phase:post_early layer:10 looped:0 grad_norm:7.32867126e-02 param_norm:1.36703085e+02 grad_param_ratio:5.36101379e-04
bump_probe step:2208 frac:0.364042 phase:post_early loop_active:1 loss:2.60994060 bpb:1.20086066 eval_time:158ms
bump_counterfactual step:2208 frac:0.364042 phase:post_early p_loop:1.000000 policy_loss:2.60994060 policy_bpb:1.20086066 loop_off_loss:2.65347180 loop_off_bpb:1.22088981 loop_on_loss:2.60994060 loop_on_bpb:1.20086066 delta_loss:-0.04353120 delta_bpb:-0.02002915
bump_layer_stats step:2208 frac:0.364042 phase:post_early layer:0 looped:0 grad_norm:5.03349681e-02 param_norm:1.35072372e+02 grad_param_ratio:3.72651841e-04
bump_layer_stats step:2208 frac:0.364042 phase:post_early layer:1 looped:0 grad_norm:4.50431254e-02 param_norm:1.34942618e+02 grad_param_ratio:3.33794661e-04
bump_layer_stats step:2208 frac:0.364042 phase:post_early layer:2 looped:0 grad_norm:4.32790448e-02 param_norm:1.37727341e+02 grad_param_ratio:3.14237134e-04
bump_layer_stats step:2208 frac:0.364042 phase:post_early layer:3 looped:1 grad_norm:4.31726794e-02 param_norm:1.35156593e+02 grad_param_ratio:3.19427105e-04
bump_layer_stats step:2208 frac:0.364042 phase:post_early layer:4 looped:1 grad_norm:4.49867254e-02 param_norm:1.36440546e+02 grad_param_ratio:3.29716691e-04
bump_layer_stats step:2208 frac:0.364042 phase:post_early layer:5 looped:1 grad_norm:3.65358507e-02 param_norm:1.36950313e+02 grad_param_ratio:2.66781797e-04
bump_layer_stats step:2208 frac:0.364042 phase:post_early layer:6 looped:0 grad_norm:4.11958771e-02 param_norm:1.38169935e+02 grad_param_ratio:2.98153698e-04
bump_layer_stats step:2208 frac:0.364042 phase:post_early layer:7 looped:0 grad_norm:3.95388534e-02 param_norm:1.38728336e+02 grad_param_ratio:2.85009209e-04
bump_layer_stats step:2208 frac:0.364042 phase:post_early layer:8 looped:0 grad_norm:3.90571469e-02 param_norm:1.40999233e+02 grad_param_ratio:2.77002549e-04
bump_layer_stats step:2208 frac:0.364042 phase:post_early layer:9 looped:0 grad_norm:3.93447729e-02 param_norm:1.40302563e+02 grad_param_ratio:2.80428042e-04
bump_layer_stats step:2208 frac:0.364042 phase:post_early layer:10 looped:0 grad_norm:6.24791368e-02 param_norm:1.36689915e+02 grad_param_ratio:4.57086661e-04
bump_probe step:2209 frac:0.364291 phase:post_early loop_active:1 loss:2.60393362 bpb:1.19809679 eval_time:157ms
bump_counterfactual step:2209 frac:0.364291 phase:post_early p_loop:1.000000 policy_loss:2.60393362 policy_bpb:1.19809679 loop_off_loss:2.65303415 loop_off_bpb:1.22068845 loop_on_loss:2.60393362 loop_on_bpb:1.19809679 delta_loss:-0.04910053 delta_bpb:-0.02259166
bump_layer_stats step:2209 frac:0.364291 phase:post_early layer:0 looped:0 grad_norm:5.62067655e-02 param_norm:1.35042609e+02 grad_param_ratio:4.16215045e-04
bump_layer_stats step:2209 frac:0.364291 phase:post_early layer:1 looped:0 grad_norm:5.23556157e-02 param_norm:1.34891549e+02 grad_param_ratio:3.88131177e-04
bump_layer_stats step:2209 frac:0.364291 phase:post_early layer:2 looped:0 grad_norm:5.01999883e-02 param_norm:1.37704130e+02 grad_param_ratio:3.64549619e-04
bump_layer_stats step:2209 frac:0.364291 phase:post_early layer:3 looped:1 grad_norm:4.72421396e-02 param_norm:1.35163530e+02 grad_param_ratio:3.49518390e-04
bump_layer_stats step:2209 frac:0.364291 phase:post_early layer:4 looped:1 grad_norm:4.85471687e-02 param_norm:1.36419334e+02 grad_param_ratio:3.55867218e-04
bump_layer_stats step:2209 frac:0.364291 phase:post_early layer:5 looped:1 grad_norm:3.98988196e-02 param_norm:1.37023743e+02 grad_param_ratio:2.91181796e-04
bump_layer_stats step:2209 frac:0.364291 phase:post_early layer:6 looped:0 grad_norm:4.62534063e-02 param_norm:1.38152466e+02 grad_param_ratio:3.34799716e-04
bump_layer_stats step:2209 frac:0.364291 phase:post_early layer:7 looped:0 grad_norm:4.57426596e-02 param_norm:1.38701491e+02 grad_param_ratio:3.29792125e-04
bump_layer_stats step:2209 frac:0.364291 phase:post_early layer:8 looped:0 grad_norm:4.73714033e-02 param_norm:1.40999679e+02 grad_param_ratio:3.35968164e-04
bump_layer_stats step:2209 frac:0.364291 phase:post_early layer:9 looped:0 grad_norm:4.55682218e-02 param_norm:1.40290741e+02 grad_param_ratio:3.24812753e-04
bump_layer_stats step:2209 frac:0.364291 phase:post_early layer:10 looped:0 grad_norm:8.00513836e-02 param_norm:1.36669043e+02 grad_param_ratio:5.85731649e-04
bump_probe step:2210 frac:0.364539 phase:post_early loop_active:1 loss:2.60350693 bpb:1.19790046 eval_time:157ms
bump_counterfactual step:2210 frac:0.364539 phase:post_early p_loop:1.000000 policy_loss:2.60350693 policy_bpb:1.19790046 loop_off_loss:2.64794168 loop_off_bpb:1.21834535 loop_on_loss:2.60350693 loop_on_bpb:1.19790046 delta_loss:-0.04443475 delta_bpb:-0.02044489
bump_layer_stats step:2210 frac:0.364539 phase:post_early layer:0 looped:0 grad_norm:6.05610515e-02 param_norm:1.35010584e+02 grad_param_ratio:4.48565214e-04
bump_layer_stats step:2210 frac:0.364539 phase:post_early layer:1 looped:0 grad_norm:5.44025781e-02 param_norm:1.34830207e+02 grad_param_ratio:4.03489540e-04
bump_layer_stats step:2210 frac:0.364539 phase:post_early layer:2 looped:0 grad_norm:5.13043056e-02 param_norm:1.37660731e+02 grad_param_ratio:3.72686571e-04
bump_layer_stats step:2210 frac:0.364539 phase:post_early layer:3 looped:1 grad_norm:5.02605103e-02 param_norm:1.35154776e+02 grad_param_ratio:3.71873726e-04
bump_layer_stats step:2210 frac:0.364539 phase:post_early layer:4 looped:1 grad_norm:4.91873792e-02 param_norm:1.36390665e+02 grad_param_ratio:3.60635965e-04
bump_layer_stats step:2210 frac:0.364539 phase:post_early layer:5 looped:1 grad_norm:3.92491023e-02 param_norm:1.37079370e+02 grad_param_ratio:2.86323918e-04
bump_layer_stats step:2210 frac:0.364539 phase:post_early layer:6 looped:0 grad_norm:4.52569873e-02 param_norm:1.38119931e+02 grad_param_ratio:3.27664421e-04
bump_layer_stats step:2210 frac:0.364539 phase:post_early layer:7 looped:0 grad_norm:4.40944943e-02 param_norm:1.38662045e+02 grad_param_ratio:3.17999740e-04
bump_layer_stats step:2210 frac:0.364539 phase:post_early layer:8 looped:0 grad_norm:4.45997481e-02 param_norm:1.40983494e+02 grad_param_ratio:3.16347302e-04
bump_layer_stats step:2210 frac:0.364539 phase:post_early layer:9 looped:0 grad_norm:4.25370007e-02 param_norm:1.40276776e+02 grad_param_ratio:3.03236230e-04
bump_layer_stats step:2210 frac:0.364539 phase:post_early layer:10 looped:0 grad_norm:7.49218306e-02 param_norm:1.36654102e+02 grad_param_ratio:5.48258923e-04
bump_probe step:2211 frac:0.364793 phase:post_early loop_active:1 loss:2.59905384 bpb:1.19585155 eval_time:157ms
bump_counterfactual step:2211 frac:0.364793 phase:post_early p_loop:1.000000 policy_loss:2.59905384 policy_bpb:1.19585155 loop_off_loss:2.65082907 loop_off_bpb:1.21967387 loop_on_loss:2.59905384 loop_on_bpb:1.19585155 delta_loss:-0.05177523 delta_bpb:-0.02382232
bump_layer_stats step:2211 frac:0.364793 phase:post_early layer:0 looped:0 grad_norm:5.57576692e-02 param_norm:1.34980880e+02 grad_param_ratio:4.13078276e-04
bump_layer_stats step:2211 frac:0.364793 phase:post_early layer:1 looped:0 grad_norm:4.89172748e-02 param_norm:1.34780094e+02 grad_param_ratio:3.62941392e-04
bump_layer_stats step:2211 frac:0.364793 phase:post_early layer:2 looped:0 grad_norm:4.88741927e-02 param_norm:1.37634029e+02 grad_param_ratio:3.55102535e-04
bump_layer_stats step:2211 frac:0.364793 phase:post_early layer:3 looped:1 grad_norm:4.86872292e-02 param_norm:1.35160649e+02 grad_param_ratio:3.60217486e-04
bump_layer_stats step:2211 frac:0.364793 phase:post_early layer:4 looped:1 grad_norm:5.09282817e-02 param_norm:1.36365971e+02 grad_param_ratio:3.73467670e-04
bump_layer_stats step:2211 frac:0.364793 phase:post_early layer:5 looped:1 grad_norm:4.04951533e-02 param_norm:1.37144872e+02 grad_param_ratio:2.95272822e-04
bump_layer_stats step:2211 frac:0.364793 phase:post_early layer:6 looped:0 grad_norm:4.42586333e-02 param_norm:1.38106117e+02 grad_param_ratio:3.20468307e-04
bump_layer_stats step:2211 frac:0.364793 phase:post_early layer:7 looped:0 grad_norm:4.27059680e-02 param_norm:1.38652906e+02 grad_param_ratio:3.08006296e-04
bump_layer_stats step:2211 frac:0.364793 phase:post_early layer:8 looped:0 grad_norm:4.12580604e-02 param_norm:1.40989616e+02 grad_param_ratio:2.92631909e-04
bump_layer_stats step:2211 frac:0.364793 phase:post_early layer:9 looped:0 grad_norm:3.77285832e-02 param_norm:1.40275369e+02 grad_param_ratio:2.68960855e-04
bump_layer_stats step:2211 frac:0.364793 phase:post_early layer:10 looped:0 grad_norm:5.68383130e-02 param_norm:1.36638657e+02 grad_param_ratio:4.15975350e-04
bump_probe step:2212 frac:0.365043 phase:post_early loop_active:1 loss:2.59950152 bpb:1.19605753 eval_time:157ms
bump_counterfactual step:2212 frac:0.365043 phase:post_early p_loop:1.000000 policy_loss:2.59950152 policy_bpb:1.19605753 loop_off_loss:2.64386030 loop_off_bpb:1.21646746 loop_on_loss:2.59950152 loop_on_bpb:1.19605753 delta_loss:-0.04435878 delta_bpb:-0.02040993
bump_layer_stats step:2212 frac:0.365043 phase:post_early layer:0 looped:0 grad_norm:6.19249024e-02 param_norm:1.34945870e+02 grad_param_ratio:4.58886977e-04
bump_layer_stats step:2212 frac:0.365043 phase:post_early layer:1 looped:0 grad_norm:5.59749998e-02 param_norm:1.34718527e+02 grad_param_ratio:4.15495933e-04
bump_layer_stats step:2212 frac:0.365043 phase:post_early layer:2 looped:0 grad_norm:5.33559143e-02 param_norm:1.37588217e+02 grad_param_ratio:3.87794213e-04
bump_layer_stats step:2212 frac:0.365043 phase:post_early layer:3 looped:1 grad_norm:5.09396298e-02 param_norm:1.35151782e+02 grad_param_ratio:3.76906830e-04
bump_layer_stats step:2212 frac:0.365043 phase:post_early layer:4 looped:1 grad_norm:5.33407148e-02 param_norm:1.36337544e+02 grad_param_ratio:3.91240103e-04
bump_layer_stats step:2212 frac:0.365043 phase:post_early layer:5 looped:1 grad_norm:4.25818159e-02 param_norm:1.37197053e+02 grad_param_ratio:3.10369756e-04
bump_layer_stats step:2212 frac:0.365043 phase:post_early layer:6 looped:0 grad_norm:4.68983831e-02 param_norm:1.38076364e+02 grad_param_ratio:3.39655402e-04
bump_layer_stats step:2212 frac:0.365043 phase:post_early layer:7 looped:0 grad_norm:4.44418479e-02 param_norm:1.38619498e+02 grad_param_ratio:3.20603151e-04
bump_layer_stats step:2212 frac:0.365043 phase:post_early layer:8 looped:0 grad_norm:4.33778219e-02 param_norm:1.40974071e+02 grad_param_ratio:3.07700711e-04
bump_layer_stats step:2212 frac:0.365043 phase:post_early layer:9 looped:0 grad_norm:4.00734444e-02 param_norm:1.40257063e+02 grad_param_ratio:2.85714271e-04
bump_layer_stats step:2212 frac:0.365043 phase:post_early layer:10 looped:0 grad_norm:6.28077196e-02 param_norm:1.36626136e+02 grad_param_ratio:4.59705011e-04
bump_probe step:2213 frac:0.365294 phase:post_early loop_active:1 loss:2.59384340 bpb:1.19345417 eval_time:157ms
bump_counterfactual step:2213 frac:0.365294 phase:post_early p_loop:1.000000 policy_loss:2.59384340 policy_bpb:1.19345417 loop_off_loss:2.64920022 loop_off_bpb:1.21892442 loop_on_loss:2.59384340 loop_on_bpb:1.19345417 delta_loss:-0.05535682 delta_bpb:-0.02547025
bump_layer_stats step:2213 frac:0.365294 phase:post_early layer:0 looped:0 grad_norm:5.98295190e-02 param_norm:1.34919802e+02 grad_param_ratio:4.43445054e-04
bump_layer_stats step:2213 frac:0.365294 phase:post_early layer:1 looped:0 grad_norm:5.52664586e-02 param_norm:1.34672152e+02 grad_param_ratio:4.10377779e-04
bump_layer_stats step:2213 frac:0.365294 phase:post_early layer:2 looped:0 grad_norm:5.10295284e-02 param_norm:1.37559411e+02 grad_param_ratio:3.70963558e-04
bump_layer_stats step:2213 frac:0.365294 phase:post_early layer:3 looped:1 grad_norm:5.21810736e-02 param_norm:1.35152919e+02 grad_param_ratio:3.86089136e-04
bump_layer_stats step:2213 frac:0.365294 phase:post_early layer:4 looped:1 grad_norm:5.22643631e-02 param_norm:1.36311621e+02 grad_param_ratio:3.83418248e-04
bump_layer_stats step:2213 frac:0.365294 phase:post_early layer:5 looped:1 grad_norm:4.20715492e-02 param_norm:1.37254395e+02 grad_param_ratio:3.06522420e-04
bump_layer_stats step:2213 frac:0.365294 phase:post_early layer:6 looped:0 grad_norm:4.50214537e-02 param_norm:1.38070149e+02 grad_param_ratio:3.26076665e-04
bump_layer_stats step:2213 frac:0.365294 phase:post_early layer:7 looped:0 grad_norm:4.34723236e-02 param_norm:1.38620033e+02 grad_param_ratio:3.13607800e-04
bump_layer_stats step:2213 frac:0.365294 phase:post_early layer:8 looped:0 grad_norm:4.24431318e-02 param_norm:1.40977661e+02 grad_param_ratio:3.01062817e-04
bump_layer_stats step:2213 frac:0.365294 phase:post_early layer:9 looped:0 grad_norm:4.06767883e-02 param_norm:1.40257834e+02 grad_param_ratio:2.90014377e-04
bump_layer_stats step:2213 frac:0.365294 phase:post_early layer:10 looped:0 grad_norm:5.85604867e-02 param_norm:1.36615371e+02 grad_param_ratio:4.28652253e-04
bump_probe step:2214 frac:0.365542 phase:post_early loop_active:1 loss:2.59568394 bpb:1.19430102 eval_time:157ms
bump_counterfactual step:2214 frac:0.365542 phase:post_early p_loop:1.000000 policy_loss:2.59568394 policy_bpb:1.19430102 loop_off_loss:2.63975930 loop_off_bpb:1.21458055 loop_on_loss:2.59568394 loop_on_bpb:1.19430102 delta_loss:-0.04407536 delta_bpb:-0.02027953
bump_layer_stats step:2214 frac:0.365542 phase:post_early layer:0 looped:0 grad_norm:5.65922393e-02 param_norm:1.34887893e+02 grad_param_ratio:4.19550178e-04
bump_layer_stats step:2214 frac:0.365542 phase:post_early layer:1 looped:0 grad_norm:5.19661442e-02 param_norm:1.34617269e+02 grad_param_ratio:3.86028812e-04
bump_layer_stats step:2214 frac:0.365542 phase:post_early layer:2 looped:0 grad_norm:4.85270893e-02 param_norm:1.37518176e+02 grad_param_ratio:3.52877640e-04
bump_layer_stats step:2214 frac:0.365542 phase:post_early layer:3 looped:1 grad_norm:4.77140101e-02 param_norm:1.35139136e+02 grad_param_ratio:3.53073222e-04
bump_layer_stats step:2214 frac:0.365542 phase:post_early layer:4 looped:1 grad_norm:4.80879133e-02 param_norm:1.36281596e+02 grad_param_ratio:3.52856986e-04
bump_layer_stats step:2214 frac:0.365542 phase:post_early layer:5 looped:1 grad_norm:3.94115519e-02 param_norm:1.37301528e+02 grad_param_ratio:2.87043796e-04
bump_layer_stats step:2214 frac:0.365542 phase:post_early layer:6 looped:0 grad_norm:4.34495712e-02 param_norm:1.38048453e+02 grad_param_ratio:3.14741457e-04
bump_layer_stats step:2214 frac:0.365542 phase:post_early layer:7 looped:0 grad_norm:4.13362276e-02 param_norm:1.38600996e+02 grad_param_ratio:2.98239037e-04
bump_layer_stats step:2214 frac:0.365542 phase:post_early layer:8 looped:0 grad_norm:4.10245483e-02 param_norm:1.40965441e+02 grad_param_ratio:2.91025575e-04
bump_layer_stats step:2214 frac:0.365542 phase:post_early layer:9 looped:0 grad_norm:3.73348072e-02 param_norm:1.40237782e+02 grad_param_ratio:2.66225026e-04
bump_layer_stats step:2214 frac:0.365542 phase:post_early layer:10 looped:0 grad_norm:5.75390109e-02 param_norm:1.36602816e+02 grad_param_ratio:4.21213945e-04
bump_probe step:2215 frac:0.365788 phase:post_early loop_active:1 loss:2.59222227 bpb:1.19270827 eval_time:157ms
bump_counterfactual step:2215 frac:0.365788 phase:post_early p_loop:1.000000 policy_loss:2.59222227 policy_bpb:1.19270827 loop_off_loss:2.65399571 loop_off_bpb:1.22113087 loop_on_loss:2.59222227 loop_on_bpb:1.19270827 delta_loss:-0.06177343 delta_bpb:-0.02842260
bump_layer_stats step:2215 frac:0.365788 phase:post_early layer:0 looped:0 grad_norm:5.94879772e-02 param_norm:1.34866245e+02 grad_param_ratio:4.41088705e-04
bump_layer_stats step:2215 frac:0.365788 phase:post_early layer:1 looped:0 grad_norm:5.28662901e-02 param_norm:1.34577144e+02 grad_param_ratio:3.92832605e-04
bump_layer_stats step:2215 frac:0.365788 phase:post_early layer:2 looped:0 grad_norm:5.15044544e-02 param_norm:1.37491214e+02 grad_param_ratio:3.74601786e-04
bump_layer_stats step:2215 frac:0.365788 phase:post_early layer:3 looped:1 grad_norm:5.18737285e-02 param_norm:1.35140035e+02 grad_param_ratio:3.83851672e-04
bump_layer_stats step:2215 frac:0.365788 phase:post_early layer:4 looped:1 grad_norm:5.41792519e-02 param_norm:1.36258417e+02 grad_param_ratio:3.97621323e-04
bump_layer_stats step:2215 frac:0.365788 phase:post_early layer:5 looped:1 grad_norm:4.53836555e-02 param_norm:1.37355115e+02 grad_param_ratio:3.30411107e-04
bump_layer_stats step:2215 frac:0.365788 phase:post_early layer:6 looped:0 grad_norm:4.99344381e-02 param_norm:1.38055478e+02 grad_param_ratio:3.61698345e-04
bump_layer_stats step:2215 frac:0.365788 phase:post_early layer:7 looped:0 grad_norm:4.85466851e-02 param_norm:1.38613168e+02 grad_param_ratio:3.50231409e-04
bump_layer_stats step:2215 frac:0.365788 phase:post_early layer:8 looped:0 grad_norm:4.83529255e-02 param_norm:1.40964928e+02 grad_param_ratio:3.43013869e-04
bump_layer_stats step:2215 frac:0.365788 phase:post_early layer:9 looped:0 grad_norm:4.53233188e-02 param_norm:1.40240687e+02 grad_param_ratio:3.23182379e-04
bump_layer_stats step:2215 frac:0.365788 phase:post_early layer:10 looped:0 grad_norm:8.37126622e-02 param_norm:1.36601818e+02 grad_param_ratio:6.12822462e-04
bump_probe step:2216 frac:0.366039 phase:post_early loop_active:1 loss:2.59377981 bpb:1.19342491 eval_time:158ms
bump_counterfactual step:2216 frac:0.366039 phase:post_early p_loop:1.000000 policy_loss:2.59377981 policy_bpb:1.19342491 loop_off_loss:2.63894987 loop_off_bpb:1.21420812 loop_on_loss:2.59377981 loop_on_bpb:1.19342491 delta_loss:-0.04517006 delta_bpb:-0.02078321
bump_layer_stats step:2216 frac:0.366039 phase:post_early layer:0 looped:0 grad_norm:5.52700298e-02 param_norm:1.34836527e+02 grad_param_ratio:4.09903984e-04
bump_layer_stats step:2216 frac:0.366039 phase:post_early layer:1 looped:0 grad_norm:5.03112980e-02 param_norm:1.34521672e+02 grad_param_ratio:3.74001433e-04
bump_layer_stats step:2216 frac:0.366039 phase:post_early layer:2 looped:0 grad_norm:4.98433590e-02 param_norm:1.37450152e+02 grad_param_ratio:3.62628621e-04
bump_layer_stats step:2216 frac:0.366039 phase:post_early layer:3 looped:1 grad_norm:4.89928493e-02 param_norm:1.35126311e+02 grad_param_ratio:3.62570761e-04
bump_layer_stats step:2216 frac:0.366039 phase:post_early layer:4 looped:1 grad_norm:4.96743699e-02 param_norm:1.36229606e+02 grad_param_ratio:3.64637111e-04
bump_layer_stats step:2216 frac:0.366039 phase:post_early layer:5 looped:1 grad_norm:4.11114936e-02 param_norm:1.37394682e+02 grad_param_ratio:2.99221870e-04
bump_layer_stats step:2216 frac:0.366039 phase:post_early layer:6 looped:0 grad_norm:4.49463637e-02 param_norm:1.38040435e+02 grad_param_ratio:3.25602883e-04
bump_layer_stats step:2216 frac:0.366039 phase:post_early layer:7 looped:0 grad_norm:4.26930569e-02 param_norm:1.38598476e+02 grad_param_ratio:3.08034101e-04
bump_layer_stats step:2216 frac:0.366039 phase:post_early layer:8 looped:0 grad_norm:4.17878184e-02 param_norm:1.40948417e+02 grad_param_ratio:2.96475968e-04
bump_layer_stats step:2216 frac:0.366039 phase:post_early layer:9 looped:0 grad_norm:3.90309461e-02 param_norm:1.40216464e+02 grad_param_ratio:2.78362077e-04
bump_layer_stats step:2216 frac:0.366039 phase:post_early layer:10 looped:0 grad_norm:6.55358808e-02 param_norm:1.36590735e+02 grad_param_ratio:4.79797411e-04
bump_probe step:2217 frac:0.366287 phase:post_early loop_active:1 loss:2.59026766 bpb:1.19180894 eval_time:156ms
bump_counterfactual step:2217 frac:0.366287 phase:post_early p_loop:1.000000 policy_loss:2.59026766 policy_bpb:1.19180894 loop_off_loss:2.65037131 loop_off_bpb:1.21946325 loop_on_loss:2.59026766 loop_on_bpb:1.19180894 delta_loss:-0.06010365 delta_bpb:-0.02765431
bump_layer_stats step:2217 frac:0.366287 phase:post_early layer:0 looped:0 grad_norm:5.17972741e-02 param_norm:1.34815691e+02 grad_param_ratio:3.84208053e-04
bump_layer_stats step:2217 frac:0.366287 phase:post_early layer:1 looped:0 grad_norm:4.53274147e-02 param_norm:1.34478920e+02 grad_param_ratio:3.37059628e-04
bump_layer_stats step:2217 frac:0.366287 phase:post_early layer:2 looped:0 grad_norm:4.72830278e-02 param_norm:1.37421410e+02 grad_param_ratio:3.44073226e-04
bump_layer_stats step:2217 frac:0.366287 phase:post_early layer:3 looped:1 grad_norm:4.69908201e-02 param_norm:1.35122568e+02 grad_param_ratio:3.47764409e-04
bump_layer_stats step:2217 frac:0.366287 phase:post_early layer:4 looped:1 grad_norm:4.89907319e-02 param_norm:1.36211443e+02 grad_param_ratio:3.59666785e-04
bump_layer_stats step:2217 frac:0.366287 phase:post_early layer:5 looped:1 grad_norm:4.13011314e-02 param_norm:1.37441390e+02 grad_param_ratio:3.00499954e-04
bump_layer_stats step:2217 frac:0.366287 phase:post_early layer:6 looped:0 grad_norm:4.32852260e-02 param_norm:1.38049735e+02 grad_param_ratio:3.13548056e-04
bump_layer_stats step:2217 frac:0.366287 phase:post_early layer:7 looped:0 grad_norm:4.13207996e-02 param_norm:1.38611257e+02 grad_param_ratio:2.98105656e-04
bump_layer_stats step:2217 frac:0.366287 phase:post_early layer:8 looped:0 grad_norm:4.26787518e-02 param_norm:1.40946230e+02 grad_param_ratio:3.02801657e-04
bump_layer_stats step:2217 frac:0.366287 phase:post_early layer:9 looped:0 grad_norm:3.82637759e-02 param_norm:1.40212508e+02 grad_param_ratio:2.72898447e-04
bump_layer_stats step:2217 frac:0.366287 phase:post_early layer:10 looped:0 grad_norm:6.42924713e-02 param_norm:1.36590359e+02 grad_param_ratio:4.70695528e-04
bump_probe step:2218 frac:0.366534 phase:post_early loop_active:1 loss:2.59467203 bpb:1.19383543 eval_time:158ms
bump_counterfactual step:2218 frac:0.366534 phase:post_early p_loop:1.000000 policy_loss:2.59467203 policy_bpb:1.19383543 loop_off_loss:2.64200622 loop_off_bpb:1.21561438 loop_on_loss:2.59467203 loop_on_bpb:1.19383543 delta_loss:-0.04733418 delta_bpb:-0.02177895
bump_layer_stats step:2218 frac:0.366534 phase:post_early layer:0 looped:0 grad_norm:5.51381061e-02 param_norm:1.34792937e+02 grad_param_ratio:4.09057828e-04
bump_layer_stats step:2218 frac:0.366534 phase:post_early layer:1 looped:0 grad_norm:4.81863782e-02 param_norm:1.34432654e+02 grad_param_ratio:3.58442513e-04
bump_layer_stats step:2218 frac:0.366534 phase:post_early layer:2 looped:0 grad_norm:4.64622470e-02 param_norm:1.37387910e+02 grad_param_ratio:3.38182937e-04
bump_layer_stats step:2218 frac:0.366534 phase:post_early layer:3 looped:1 grad_norm:4.49549208e-02 param_norm:1.35114526e+02 grad_param_ratio:3.32717155e-04
bump_layer_stats step:2218 frac:0.366534 phase:post_early layer:4 looped:1 grad_norm:4.59148114e-02 param_norm:1.36186468e+02 grad_param_ratio:3.37146649e-04
bump_layer_stats step:2218 frac:0.366534 phase:post_early layer:5 looped:1 grad_norm:4.00420882e-02 param_norm:1.37480825e+02 grad_param_ratio:2.91255804e-04
bump_layer_stats step:2218 frac:0.366534 phase:post_early layer:6 looped:0 grad_norm:4.48719100e-02 param_norm:1.38049073e+02 grad_param_ratio:3.25043183e-04
bump_layer_stats step:2218 frac:0.366534 phase:post_early layer:7 looped:0 grad_norm:4.17213086e-02 param_norm:1.38610179e+02 grad_param_ratio:3.00997436e-04
bump_layer_stats step:2218 frac:0.366534 phase:post_early layer:8 looped:0 grad_norm:4.49534540e-02 param_norm:1.40933060e+02 grad_param_ratio:3.18970254e-04
bump_layer_stats step:2218 frac:0.366534 phase:post_early layer:9 looped:0 grad_norm:3.95836940e-02 param_norm:1.40196342e+02 grad_param_ratio:2.82344699e-04
bump_layer_stats step:2218 frac:0.366534 phase:post_early layer:10 looped:0 grad_norm:6.84397119e-02 param_norm:1.36577587e+02 grad_param_ratio:5.01105002e-04
bump_probe step:2219 frac:0.366784 phase:post_early loop_active:1 loss:2.58835201 bpb:1.19092752 eval_time:158ms
bump_counterfactual step:2219 frac:0.366784 phase:post_early p_loop:1.000000 policy_loss:2.58835201 policy_bpb:1.19092752 loop_off_loss:2.64916514 loop_off_bpb:1.21890828 loop_on_loss:2.58835201 loop_on_bpb:1.19092752 delta_loss:-0.06081313 delta_bpb:-0.02798075
bump_layer_stats step:2219 frac:0.366784 phase:post_early layer:0 looped:0 grad_norm:5.65353666e-02 param_norm:1.34770442e+02 grad_param_ratio:4.19493814e-04
bump_layer_stats step:2219 frac:0.366784 phase:post_early layer:1 looped:0 grad_norm:5.11903895e-02 param_norm:1.34390481e+02 grad_param_ratio:3.80907853e-04
bump_layer_stats step:2219 frac:0.366784 phase:post_early layer:2 looped:0 grad_norm:5.01846556e-02 param_norm:1.37359555e+02 grad_param_ratio:3.65352491e-04
bump_layer_stats step:2219 frac:0.366784 phase:post_early layer:3 looped:1 grad_norm:4.86010890e-02 param_norm:1.35110075e+02 grad_param_ratio:3.59714766e-04
bump_layer_stats step:2219 frac:0.366784 phase:post_early layer:4 looped:1 grad_norm:4.97662636e-02 param_norm:1.36167412e+02 grad_param_ratio:3.65478515e-04
bump_layer_stats step:2219 frac:0.366784 phase:post_early layer:5 looped:1 grad_norm:4.33049639e-02 param_norm:1.37521472e+02 grad_param_ratio:3.14896019e-04
bump_layer_stats step:2219 frac:0.366784 phase:post_early layer:6 looped:0 grad_norm:4.76222523e-02 param_norm:1.38056321e+02 grad_param_ratio:3.44948004e-04
bump_layer_stats step:2219 frac:0.366784 phase:post_early layer:7 looped:0 grad_norm:4.47548845e-02 param_norm:1.38622361e+02 grad_param_ratio:3.22854728e-04
bump_layer_stats step:2219 frac:0.366784 phase:post_early layer:8 looped:0 grad_norm:4.68625587e-02 param_norm:1.40929524e+02 grad_param_ratio:3.32524779e-04
bump_layer_stats step:2219 frac:0.366784 phase:post_early layer:9 looped:0 grad_norm:4.36121553e-02 param_norm:1.40190673e+02 grad_param_ratio:3.11091704e-04
bump_layer_stats step:2219 frac:0.366784 phase:post_early layer:10 looped:0 grad_norm:7.10077701e-02 param_norm:1.36578677e+02 grad_param_ratio:5.19903777e-04
bump_probe step:2300 frac:0.386375 phase:post_late loop_active:1 loss:2.57219774 bpb:1.18349478 eval_time:159ms
bump_counterfactual step:2300 frac:0.386375 phase:post_late p_loop:1.000000 policy_loss:2.57219774 policy_bpb:1.18349478 loop_off_loss:2.60386530 loop_off_bpb:1.19806535 loop_on_loss:2.57219774 loop_on_bpb:1.18349478 delta_loss:-0.03166756 delta_bpb:-0.01457057
bump_layer_stats step:2300 frac:0.386375 phase:post_late layer:0 looped:0 grad_norm:5.31756367e-02 param_norm:1.33669258e+02 grad_param_ratio:3.97815006e-04
bump_layer_stats step:2300 frac:0.386375 phase:post_late layer:1 looped:0 grad_norm:4.70192236e-02 param_norm:1.33062355e+02 grad_param_ratio:3.53362328e-04
bump_layer_stats step:2300 frac:0.386375 phase:post_late layer:2 looped:0 grad_norm:4.78197464e-02 param_norm:1.36126753e+02 grad_param_ratio:3.51288380e-04
bump_layer_stats step:2300 frac:0.386375 phase:post_late layer:3 looped:1 grad_norm:5.19307607e-02 param_norm:1.34039042e+02 grad_param_ratio:3.87430109e-04
bump_layer_stats step:2300 frac:0.386375 phase:post_late layer:4 looped:1 grad_norm:5.24529697e-02 param_norm:1.34859180e+02 grad_param_ratio:3.88946231e-04
bump_layer_stats step:2300 frac:0.386375 phase:post_late layer:5 looped:1 grad_norm:4.89457759e-02 param_norm:1.37302311e+02 grad_param_ratio:3.56481807e-04
bump_layer_stats step:2300 frac:0.386375 phase:post_late layer:6 looped:0 grad_norm:4.42364633e-02 param_norm:1.38268451e+02 grad_param_ratio:3.19931720e-04
bump_layer_stats step:2300 frac:0.386375 phase:post_late layer:7 looped:0 grad_norm:4.14061228e-02 param_norm:1.38665209e+02 grad_param_ratio:2.98604985e-04
bump_layer_stats step:2300 frac:0.386375 phase:post_late layer:8 looped:0 grad_norm:4.16243040e-02 param_norm:1.40204213e+02 grad_param_ratio:2.96883404e-04
bump_layer_stats step:2300 frac:0.386375 phase:post_late layer:9 looped:0 grad_norm:3.83362226e-02 param_norm:1.39619766e+02 grad_param_ratio:2.74575897e-04
bump_layer_stats step:2300 frac:0.386375 phase:post_late layer:10 looped:0 grad_norm:7.05681794e-02 param_norm:1.35886358e+02 grad_param_ratio:5.19317614e-04
bump_probe step:2301 frac:0.386624 phase:post_late loop_active:1 loss:2.56754714 bpb:1.18135499 eval_time:158ms
bump_counterfactual step:2301 frac:0.386624 phase:post_late p_loop:1.000000 policy_loss:2.56754714 policy_bpb:1.18135499 loop_off_loss:2.60929221 loop_off_bpb:1.20056233 loop_on_loss:2.56754714 loop_on_bpb:1.18135499 delta_loss:-0.04174506 delta_bpb:-0.01920734
bump_layer_stats step:2301 frac:0.386624 phase:post_late layer:0 looped:0 grad_norm:4.75687318e-02 param_norm:1.33664557e+02 grad_param_ratio:3.55881415e-04
bump_layer_stats step:2301 frac:0.386624 phase:post_late layer:1 looped:0 grad_norm:4.15623013e-02 param_norm:1.33059843e+02 grad_param_ratio:3.12357962e-04
bump_layer_stats step:2301 frac:0.386624 phase:post_late layer:2 looped:0 grad_norm:4.35537303e-02 param_norm:1.36128023e+02 grad_param_ratio:3.19946837e-04
bump_layer_stats step:2301 frac:0.386624 phase:post_late layer:3 looped:1 grad_norm:4.53087781e-02 param_norm:1.34028993e+02 grad_param_ratio:3.38052066e-04
bump_layer_stats step:2301 frac:0.386624 phase:post_late layer:4 looped:1 grad_norm:4.54643773e-02 param_norm:1.34850096e+02 grad_param_ratio:3.37147533e-04
bump_layer_stats step:2301 frac:0.386624 phase:post_late layer:5 looped:1 grad_norm:4.25162269e-02 param_norm:1.37284072e+02 grad_param_ratio:3.09695265e-04
bump_layer_stats step:2301 frac:0.386624 phase:post_late layer:6 looped:0 grad_norm:4.07056708e-02 param_norm:1.38268651e+02 grad_param_ratio:2.94395515e-04
bump_layer_stats step:2301 frac:0.386624 phase:post_late layer:7 looped:0 grad_norm:3.97989750e-02 param_norm:1.38666613e+02 grad_param_ratio:2.87011949e-04
bump_layer_stats step:2301 frac:0.386624 phase:post_late layer:8 looped:0 grad_norm:3.89818547e-02 param_norm:1.40197842e+02 grad_param_ratio:2.78048892e-04
bump_layer_stats step:2301 frac:0.386624 phase:post_late layer:9 looped:0 grad_norm:3.94684393e-02 param_norm:1.39609314e+02 grad_param_ratio:2.82706348e-04
bump_layer_stats step:2301 frac:0.386624 phase:post_late layer:10 looped:0 grad_norm:7.03182571e-02 param_norm:1.35862806e+02 grad_param_ratio:5.17568120e-04
bump_probe step:2302 frac:0.386871 phase:post_late loop_active:1 loss:2.57157855 bpb:1.18320988 eval_time:158ms
bump_counterfactual step:2302 frac:0.386871 phase:post_late p_loop:1.000000 policy_loss:2.57157855 policy_bpb:1.18320988 loop_off_loss:2.60503566 loop_off_bpb:1.19860385 loop_on_loss:2.57157855 loop_on_bpb:1.18320988 delta_loss:-0.03345711 delta_bpb:-0.01539396
bump_layer_stats step:2302 frac:0.386871 phase:post_late layer:0 looped:0 grad_norm:5.29534660e-02 param_norm:1.33651823e+02 grad_param_ratio:3.96204592e-04
bump_layer_stats step:2302 frac:0.386871 phase:post_late layer:1 looped:0 grad_norm:4.63639334e-02 param_norm:1.33047303e+02 grad_param_ratio:3.48477062e-04
bump_layer_stats step:2302 frac:0.386871 phase:post_late layer:2 looped:0 grad_norm:4.67652418e-02 param_norm:1.36110810e+02 grad_param_ratio:3.43582128e-04
bump_layer_stats step:2302 frac:0.386871 phase:post_late layer:3 looped:1 grad_norm:4.99730415e-02 param_norm:1.34008115e+02 grad_param_ratio:3.72910564e-04
bump_layer_stats step:2302 frac:0.386871 phase:post_late layer:4 looped:1 grad_norm:5.14257654e-02 param_norm:1.34830383e+02 grad_param_ratio:3.81410809e-04
bump_layer_stats step:2302 frac:0.386871 phase:post_late layer:5 looped:1 grad_norm:4.79253740e-02 param_norm:1.37250516e+02 grad_param_ratio:3.49181739e-04
bump_layer_stats step:2302 frac:0.386871 phase:post_late layer:6 looped:0 grad_norm:4.44470437e-02 param_norm:1.38240303e+02 grad_param_ratio:3.21520156e-04
bump_layer_stats step:2302 frac:0.386871 phase:post_late layer:7 looped:0 grad_norm:4.16155815e-02 param_norm:1.38646054e+02 grad_param_ratio:3.00156984e-04
bump_layer_stats step:2302 frac:0.386871 phase:post_late layer:8 looped:0 grad_norm:4.14002452e-02 param_norm:1.40175332e+02 grad_param_ratio:2.95346154e-04
bump_layer_stats step:2302 frac:0.386871 phase:post_late layer:9 looped:0 grad_norm:4.86463691e-02 param_norm:1.39592802e+02 grad_param_ratio:3.48487661e-04
bump_layer_stats step:2302 frac:0.386871 phase:post_late layer:10 looped:0 grad_norm:7.60153531e-02 param_norm:1.35853899e+02 grad_param_ratio:5.59537514e-04
bump_probe step:2303 frac:0.387121 phase:post_late loop_active:1 loss:2.56959061 bpb:1.18229521 eval_time:157ms
bump_counterfactual step:2303 frac:0.387121 phase:post_late p_loop:1.000000 policy_loss:2.56959061 policy_bpb:1.18229521 loop_off_loss:2.60980256 loop_off_bpb:1.20079714 loop_on_loss:2.56959061 loop_on_bpb:1.18229521 delta_loss:-0.04021194 delta_bpb:-0.01850193
bump_layer_stats step:2303 frac:0.387121 phase:post_late layer:0 looped:0 grad_norm:6.02197383e-02 param_norm:1.33641426e+02 grad_param_ratio:4.50606822e-04
bump_layer_stats step:2303 frac:0.387121 phase:post_late layer:1 looped:0 grad_norm:5.14372158e-02 param_norm:1.33043734e+02 grad_param_ratio:3.86618853e-04
bump_layer_stats step:2303 frac:0.387121 phase:post_late layer:2 looped:0 grad_norm:5.09234079e-02 param_norm:1.36108429e+02 grad_param_ratio:3.74138533e-04
bump_layer_stats step:2303 frac:0.387121 phase:post_late layer:3 looped:1 grad_norm:5.23853019e-02 param_norm:1.33998402e+02 grad_param_ratio:3.90939750e-04
bump_layer_stats step:2303 frac:0.387121 phase:post_late layer:4 looped:1 grad_norm:5.18554580e-02 param_norm:1.34821625e+02 grad_param_ratio:3.84622705e-04
bump_layer_stats step:2303 frac:0.387121 phase:post_late layer:5 looped:1 grad_norm:4.78283791e-02 param_norm:1.37234243e+02 grad_param_ratio:3.48516363e-04
bump_layer_stats step:2303 frac:0.387121 phase:post_late layer:6 looped:0 grad_norm:4.67144815e-02 param_norm:1.38239452e+02 grad_param_ratio:3.37924382e-04
bump_layer_stats step:2303 frac:0.387121 phase:post_late layer:7 looped:0 grad_norm:4.56687141e-02 param_norm:1.38646629e+02 grad_param_ratio:3.29389286e-04
bump_layer_stats step:2303 frac:0.387121 phase:post_late layer:8 looped:0 grad_norm:4.67667932e-02 param_norm:1.40172909e+02 grad_param_ratio:3.33636461e-04
bump_layer_stats step:2303 frac:0.387121 phase:post_late layer:9 looped:0 grad_norm:4.36899124e-02 param_norm:1.39584685e+02 grad_param_ratio:3.12999326e-04
bump_layer_stats step:2303 frac:0.387121 phase:post_late layer:10 looped:0 grad_norm:7.73881492e-02 param_norm:1.35839226e+02 grad_param_ratio:5.69703992e-04
bump_probe step:2304 frac:0.387370 phase:post_late loop_active:1 loss:2.57226308 bpb:1.18352484 eval_time:157ms
bump_counterfactual step:2304 frac:0.387370 phase:post_late p_loop:1.000000 policy_loss:2.57226308 policy_bpb:1.18352484 loop_off_loss:2.60812047 loop_off_bpb:1.20002320 loop_on_loss:2.57226308 loop_on_bpb:1.18352484 delta_loss:-0.03585739 delta_bpb:-0.01649836
bump_layer_stats step:2304 frac:0.387370 phase:post_late layer:0 looped:0 grad_norm:5.38067563e-02 param_norm:1.33625118e+02 grad_param_ratio:4.02669475e-04
bump_layer_stats step:2304 frac:0.387370 phase:post_late layer:1 looped:0 grad_norm:4.69918399e-02 param_norm:1.33031305e+02 grad_param_ratio:3.53238960e-04
bump_layer_stats step:2304 frac:0.387370 phase:post_late layer:2 looped:0 grad_norm:4.46226434e-02 param_norm:1.36090642e+02 grad_param_ratio:3.27889138e-04
bump_layer_stats step:2304 frac:0.387370 phase:post_late layer:3 looped:1 grad_norm:4.53167926e-02 param_norm:1.33978508e+02 grad_param_ratio:3.38239268e-04
bump_layer_stats step:2304 frac:0.387370 phase:post_late layer:4 looped:1 grad_norm:4.71072543e-02 param_norm:1.34805218e+02 grad_param_ratio:3.49446816e-04
bump_layer_stats step:2304 frac:0.387370 phase:post_late layer:5 looped:1 grad_norm:4.41654827e-02 param_norm:1.37207665e+02 grad_param_ratio:3.21887868e-04
bump_layer_stats step:2304 frac:0.387370 phase:post_late layer:6 looped:0 grad_norm:4.24513549e-02 param_norm:1.38221110e+02 grad_param_ratio:3.07126421e-04
bump_layer_stats step:2304 frac:0.387370 phase:post_late layer:7 looped:0 grad_norm:4.08693787e-02 param_norm:1.38629787e+02 grad_param_ratio:2.94809505e-04
bump_layer_stats step:2304 frac:0.387370 phase:post_late layer:8 looped:0 grad_norm:4.13461631e-02 param_norm:1.40152736e+02 grad_param_ratio:2.95007892e-04
bump_layer_stats step:2304 frac:0.387370 phase:post_late layer:9 looped:0 grad_norm:3.98896100e-02 param_norm:1.39569147e+02 grad_param_ratio:2.85805358e-04
bump_layer_stats step:2304 frac:0.387370 phase:post_late layer:10 looped:0 grad_norm:6.27036673e-02 param_norm:1.35827187e+02 grad_param_ratio:4.61642980e-04
bump_probe step:2305 frac:0.387617 phase:post_late loop_active:1 loss:2.57055410 bpb:1.18273852 eval_time:159ms
bump_counterfactual step:2305 frac:0.387617 phase:post_late p_loop:1.000000 policy_loss:2.57055410 policy_bpb:1.18273852 loop_off_loss:2.61167329 loop_off_bpb:1.20165789 loop_on_loss:2.57055410 loop_on_bpb:1.18273852 delta_loss:-0.04111919 delta_bpb:-0.01891937
bump_layer_stats step:2305 frac:0.387617 phase:post_late layer:0 looped:0 grad_norm:5.26854535e-02 param_norm:1.33617757e+02 grad_param_ratio:3.94299789e-04
bump_layer_stats step:2305 frac:0.387617 phase:post_late layer:1 looped:0 grad_norm:4.65750078e-02 param_norm:1.33031487e+02 grad_param_ratio:3.50105142e-04
bump_layer_stats step:2305 frac:0.387617 phase:post_late layer:2 looped:0 grad_norm:4.56758191e-02 param_norm:1.36089243e+02 grad_param_ratio:3.35631370e-04
bump_layer_stats step:2305 frac:0.387617 phase:post_late layer:3 looped:1 grad_norm:4.69053264e-02 param_norm:1.33970361e+02 grad_param_ratio:3.50117190e-04
bump_layer_stats step:2305 frac:0.387617 phase:post_late layer:4 looped:1 grad_norm:4.88780426e-02 param_norm:1.34794477e+02 grad_param_ratio:3.62611612e-04
bump_layer_stats step:2305 frac:0.387617 phase:post_late layer:5 looped:1 grad_norm:4.64991125e-02 param_norm:1.37193466e+02 grad_param_ratio:3.38930956e-04
bump_layer_stats step:2305 frac:0.387617 phase:post_late layer:6 looped:0 grad_norm:4.52310653e-02 param_norm:1.38219649e+02 grad_param_ratio:3.27240487e-04
bump_layer_stats step:2305 frac:0.387617 phase:post_late layer:7 looped:0 grad_norm:4.34488148e-02 param_norm:1.38628600e+02 grad_param_ratio:3.13418839e-04
bump_layer_stats step:2305 frac:0.387617 phase:post_late layer:8 looped:0 grad_norm:4.45933946e-02 param_norm:1.40147788e+02 grad_param_ratio:3.18188360e-04
bump_layer_stats step:2305 frac:0.387617 phase:post_late layer:9 looped:0 grad_norm:4.49146372e-02 param_norm:1.39560943e+02 grad_param_ratio:3.21828129e-04
bump_layer_stats step:2305 frac:0.387617 phase:post_late layer:10 looped:0 grad_norm:6.98232801e-02 param_norm:1.35812413e+02 grad_param_ratio:5.14115598e-04
bump_probe step:2306 frac:0.387865 phase:post_late loop_active:1 loss:2.57364172 bpb:1.18415917 eval_time:158ms
bump_counterfactual step:2306 frac:0.387865 phase:post_late p_loop:1.000000 policy_loss:2.57364172 policy_bpb:1.18415917 loop_off_loss:2.60945591 loop_off_bpb:1.20063765 loop_on_loss:2.57364172 loop_on_bpb:1.18415917 delta_loss:-0.03581420 delta_bpb:-0.01647848
bump_layer_stats step:2306 frac:0.387865 phase:post_late layer:0 looped:0 grad_norm:4.97574820e-02 param_norm:1.33601049e+02 grad_param_ratio:3.72433318e-04
bump_layer_stats step:2306 frac:0.387865 phase:post_late layer:1 looped:0 grad_norm:4.52464483e-02 param_norm:1.33018025e+02 grad_param_ratio:3.40152759e-04
bump_layer_stats step:2306 frac:0.387865 phase:post_late layer:2 looped:0 grad_norm:4.56337698e-02 param_norm:1.36072310e+02 grad_param_ratio:3.35364114e-04
bump_layer_stats step:2306 frac:0.387865 phase:post_late layer:3 looped:1 grad_norm:4.75120123e-02 param_norm:1.33952431e+02 grad_param_ratio:3.54693168e-04
bump_layer_stats step:2306 frac:0.387865 phase:post_late layer:4 looped:1 grad_norm:5.22640800e-02 param_norm:1.34777156e+02 grad_param_ratio:3.87781443e-04
bump_layer_stats step:2306 frac:0.387865 phase:post_late layer:5 looped:1 grad_norm:4.95711807e-02 param_norm:1.37160724e+02 grad_param_ratio:3.61409441e-04
bump_layer_stats step:2306 frac:0.387865 phase:post_late layer:6 looped:0 grad_norm:4.75133069e-02 param_norm:1.38198535e+02 grad_param_ratio:3.43804709e-04
bump_layer_stats step:2306 frac:0.387865 phase:post_late layer:7 looped:0 grad_norm:4.42173769e-02 param_norm:1.38613174e+02 grad_param_ratio:3.18998372e-04
bump_layer_stats step:2306 frac:0.387865 phase:post_late layer:8 looped:0 grad_norm:4.39016311e-02 param_norm:1.40124943e+02 grad_param_ratio:3.13303472e-04
bump_layer_stats step:2306 frac:0.387865 phase:post_late layer:9 looped:0 grad_norm:4.03062940e-02 param_norm:1.39542895e+02 grad_param_ratio:2.88845190e-04
bump_layer_stats step:2306 frac:0.387865 phase:post_late layer:10 looped:0 grad_norm:6.22286686e-02 param_norm:1.35796504e+02 grad_param_ratio:4.58249414e-04
bump_probe step:2307 frac:0.388112 phase:post_late loop_active:1 loss:2.56898522 bpb:1.18201667 eval_time:158ms
bump_counterfactual step:2307 frac:0.388112 phase:post_late p_loop:1.000000 policy_loss:2.56898522 policy_bpb:1.18201667 loop_off_loss:2.60930460 loop_off_bpb:1.20056803 loop_on_loss:2.56898522 loop_on_bpb:1.18201667 delta_loss:-0.04031938 delta_bpb:-0.01855136
bump_layer_stats step:2307 frac:0.388112 phase:post_late layer:0 looped:0 grad_norm:5.02396594e-02 param_norm:1.33593993e+02 grad_param_ratio:3.76062264e-04
bump_layer_stats step:2307 frac:0.388112 phase:post_late layer:1 looped:0 grad_norm:4.24752192e-02 param_norm:1.33018773e+02 grad_param_ratio:3.19317479e-04
bump_layer_stats step:2307 frac:0.388112 phase:post_late layer:2 looped:0 grad_norm:4.31010156e-02 param_norm:1.36071656e+02 grad_param_ratio:3.16752341e-04
bump_layer_stats step:2307 frac:0.388112 phase:post_late layer:3 looped:1 grad_norm:4.65842633e-02 param_norm:1.33941583e+02 grad_param_ratio:3.47795377e-04
bump_layer_stats step:2307 frac:0.388112 phase:post_late layer:4 looped:1 grad_norm:4.89534220e-02 param_norm:1.34764843e+02 grad_param_ratio:3.63250687e-04
bump_layer_stats step:2307 frac:0.388112 phase:post_late layer:5 looped:1 grad_norm:4.63770570e-02 param_norm:1.37140565e+02 grad_param_ratio:3.38171693e-04
bump_layer_stats step:2307 frac:0.388112 phase:post_late layer:6 looped:0 grad_norm:4.37446399e-02 param_norm:1.38193159e+02 grad_param_ratio:3.16547073e-04
bump_layer_stats step:2307 frac:0.388112 phase:post_late layer:7 looped:0 grad_norm:4.13514072e-02 param_norm:1.38608774e+02 grad_param_ratio:2.98331816e-04
bump_layer_stats step:2307 frac:0.388112 phase:post_late layer:8 looped:0 grad_norm:4.32595696e-02 param_norm:1.40119997e+02 grad_param_ratio:3.08732304e-04
bump_layer_stats step:2307 frac:0.388112 phase:post_late layer:9 looped:0 grad_norm:4.21196991e-02 param_norm:1.39534757e+02 grad_param_ratio:3.01858118e-04
bump_layer_stats step:2307 frac:0.388112 phase:post_late layer:10 looped:0 grad_norm:6.41436245e-02 param_norm:1.35786293e+02 grad_param_ratio:4.72386595e-04
bump_probe step:2308 frac:0.388360 phase:post_late loop_active:1 loss:2.57363661 bpb:1.18415682 eval_time:157ms
bump_counterfactual step:2308 frac:0.388360 phase:post_late p_loop:1.000000 policy_loss:2.57363661 policy_bpb:1.18415682 loop_off_loss:2.61039900 loop_off_bpb:1.20107157 loop_on_loss:2.57363661 loop_on_bpb:1.18415682 delta_loss:-0.03676239 delta_bpb:-0.01691476
bump_layer_stats step:2308 frac:0.388360 phase:post_late layer:0 looped:0 grad_norm:5.07380643e-02 param_norm:1.33582995e+02 grad_param_ratio:3.79824276e-04
bump_layer_stats step:2308 frac:0.388360 phase:post_late layer:1 looped:0 grad_norm:4.70260978e-02 param_norm:1.33013266e+02 grad_param_ratio:3.53544418e-04
bump_layer_stats step:2308 frac:0.388360 phase:post_late layer:2 looped:0 grad_norm:4.74860597e-02 param_norm:1.36060237e+02 grad_param_ratio:3.49007622e-04
bump_layer_stats step:2308 frac:0.388360 phase:post_late layer:3 looped:1 grad_norm:5.20867048e-02 param_norm:1.33928712e+02 grad_param_ratio:3.88913653e-04
bump_layer_stats step:2308 frac:0.388360 phase:post_late layer:4 looped:1 grad_norm:5.57262202e-02 param_norm:1.34745904e+02 grad_param_ratio:4.13565225e-04
bump_layer_stats step:2308 frac:0.388360 phase:post_late layer:5 looped:1 grad_norm:5.18136154e-02 param_norm:1.37112960e+02 grad_param_ratio:3.77889993e-04
bump_layer_stats step:2308 frac:0.388360 phase:post_late layer:6 looped:0 grad_norm:4.67764056e-02 param_norm:1.38175992e+02 grad_param_ratio:3.38527736e-04
bump_layer_stats step:2308 frac:0.388360 phase:post_late layer:7 looped:0 grad_norm:4.33918875e-02 param_norm:1.38598194e+02 grad_param_ratio:3.13076860e-04
bump_layer_stats step:2308 frac:0.388360 phase:post_late layer:8 looped:0 grad_norm:4.40824364e-02 param_norm:1.40100968e+02 grad_param_ratio:3.14647621e-04
bump_layer_stats step:2308 frac:0.388360 phase:post_late layer:9 looped:0 grad_norm:4.00792687e-02 param_norm:1.39519305e+02 grad_param_ratio:2.87266832e-04
bump_layer_stats step:2308 frac:0.388360 phase:post_late layer:10 looped:0 grad_norm:7.12282808e-02 param_norm:1.35767424e+02 grad_param_ratio:5.24634544e-04
bump_probe step:2309 frac:0.388611 phase:post_late loop_active:1 loss:2.57189144 bpb:1.18335385 eval_time:156ms
bump_counterfactual step:2309 frac:0.388611 phase:post_late p_loop:1.000000 policy_loss:2.57189144 policy_bpb:1.18335385 loop_off_loss:2.61109641 loop_off_bpb:1.20139246 loop_on_loss:2.57189144 loop_on_bpb:1.18335385 delta_loss:-0.03920497 delta_bpb:-0.01803861
bump_layer_stats step:2309 frac:0.388611 phase:post_late layer:0 looped:0 grad_norm:5.75414531e-02 param_norm:1.33575346e+02 grad_param_ratio:4.30778994e-04
bump_layer_stats step:2309 frac:0.388611 phase:post_late layer:1 looped:0 grad_norm:5.42609307e-02 param_norm:1.33006164e+02 grad_param_ratio:4.07958017e-04
bump_layer_stats step:2309 frac:0.388611 phase:post_late layer:2 looped:0 grad_norm:5.33469546e-02 param_norm:1.36053253e+02 grad_param_ratio:3.92103485e-04
bump_layer_stats step:2309 frac:0.388611 phase:post_late layer:3 looped:1 grad_norm:5.94054300e-02 param_norm:1.33910040e+02 grad_param_ratio:4.43621926e-04
bump_layer_stats step:2309 frac:0.388611 phase:post_late layer:4 looped:1 grad_norm:6.16783708e-02 param_norm:1.34731443e+02 grad_param_ratio:4.57787502e-04
bump_layer_stats step:2309 frac:0.388611 phase:post_late layer:5 looped:1 grad_norm:5.77595888e-02 param_norm:1.37088195e+02 grad_param_ratio:4.21331601e-04
bump_layer_stats step:2309 frac:0.388611 phase:post_late layer:6 looped:0 grad_norm:5.36090594e-02 param_norm:1.38167197e+02 grad_param_ratio:3.88001355e-04
bump_layer_stats step:2309 frac:0.388611 phase:post_late layer:7 looped:0 grad_norm:4.92197989e-02 param_norm:1.38591726e+02 grad_param_ratio:3.55142405e-04
bump_layer_stats step:2309 frac:0.388611 phase:post_late layer:8 looped:0 grad_norm:5.20499701e-02 param_norm:1.40096454e+02 grad_param_ratio:3.71529533e-04
bump_layer_stats step:2309 frac:0.388611 phase:post_late layer:9 looped:0 grad_norm:4.60892737e-02 param_norm:1.39508622e+02 grad_param_ratio:3.30368641e-04
bump_layer_stats step:2309 frac:0.388611 phase:post_late layer:10 looped:0 grad_norm:9.15833164e-02 param_norm:1.35760365e+02 grad_param_ratio:6.74595389e-04
bump_probe step:2310 frac:0.388864 phase:post_late loop_active:1 loss:2.56998466 bpb:1.18247652 eval_time:156ms
bump_counterfactual step:2310 frac:0.388864 phase:post_late p_loop:1.000000 policy_loss:2.56998466 policy_bpb:1.18247652 loop_off_loss:2.60718544 loop_off_bpb:1.19959298 loop_on_loss:2.56998466 loop_on_bpb:1.18247652 delta_loss:-0.03720078 delta_bpb:-0.01711646
bump_layer_stats step:2310 frac:0.388864 phase:post_late layer:0 looped:0 grad_norm:4.83208328e-02 param_norm:1.33560897e+02 grad_param_ratio:3.61788771e-04
bump_layer_stats step:2310 frac:0.388864 phase:post_late layer:1 looped:0 grad_norm:4.34013062e-02 param_norm:1.32994110e+02 grad_param_ratio:3.26340063e-04
bump_layer_stats step:2310 frac:0.388864 phase:post_late layer:2 looped:0 grad_norm:4.48138130e-02 param_norm:1.36041377e+02 grad_param_ratio:3.29413109e-04
bump_layer_stats step:2310 frac:0.388864 phase:post_late layer:3 looped:1 grad_norm:4.76032791e-02 param_norm:1.33890374e+02 grad_param_ratio:3.55539219e-04
bump_layer_stats step:2310 frac:0.388864 phase:post_late layer:4 looped:1 grad_norm:5.08740729e-02 param_norm:1.34711541e+02 grad_param_ratio:3.77651926e-04
bump_layer_stats step:2310 frac:0.388864 phase:post_late layer:5 looped:1 grad_norm:4.81320475e-02 param_norm:1.37058749e+02 grad_param_ratio:3.51178221e-04
bump_layer_stats step:2310 frac:0.388864 phase:post_late layer:6 looped:0 grad_norm:4.57055463e-02 param_norm:1.38145817e+02 grad_param_ratio:3.30850020e-04
bump_layer_stats step:2310 frac:0.388864 phase:post_late layer:7 looped:0 grad_norm:4.38984004e-02 param_norm:1.38576539e+02 grad_param_ratio:3.16780898e-04
bump_layer_stats step:2310 frac:0.388864 phase:post_late layer:8 looped:0 grad_norm:4.56894321e-02 param_norm:1.40079232e+02 grad_param_ratio:3.26168494e-04
bump_layer_stats step:2310 frac:0.388864 phase:post_late layer:9 looped:0 grad_norm:4.53668371e-02 param_norm:1.39485852e+02 grad_param_ratio:3.25243288e-04
bump_layer_stats step:2310 frac:0.388864 phase:post_late layer:10 looped:0 grad_norm:8.11448296e-02 param_norm:1.35734442e+02 grad_param_ratio:5.97820483e-04
bump_probe step:2311 frac:0.389112 phase:post_late loop_active:1 loss:2.57150365 bpb:1.18317542 eval_time:158ms
bump_counterfactual step:2311 frac:0.389112 phase:post_late p_loop:1.000000 policy_loss:2.57150365 policy_bpb:1.18317542 loop_off_loss:2.61109033 loop_off_bpb:1.20138966 loop_on_loss:2.57150365 loop_on_bpb:1.18317542 delta_loss:-0.03958667 delta_bpb:-0.01821424
bump_layer_stats step:2311 frac:0.389112 phase:post_late layer:0 looped:0 grad_norm:4.85490084e-02 param_norm:1.33549719e+02 grad_param_ratio:3.63527597e-04
bump_layer_stats step:2311 frac:0.389112 phase:post_late layer:1 looped:0 grad_norm:4.30286167e-02 param_norm:1.32984889e+02 grad_param_ratio:3.23560197e-04
bump_layer_stats step:2311 frac:0.389112 phase:post_late layer:2 looped:0 grad_norm:4.28176654e-02 param_norm:1.36035305e+02 grad_param_ratio:3.14754067e-04
bump_layer_stats step:2311 frac:0.389112 phase:post_late layer:3 looped:1 grad_norm:4.50665291e-02 param_norm:1.33871200e+02 grad_param_ratio:3.36640959e-04
bump_layer_stats step:2311 frac:0.389112 phase:post_late layer:4 looped:1 grad_norm:4.79549277e-02 param_norm:1.34699347e+02 grad_param_ratio:3.56014552e-04
bump_layer_stats step:2311 frac:0.389112 phase:post_late layer:5 looped:1 grad_norm:4.49004392e-02 param_norm:1.37032377e+02 grad_param_ratio:3.27662997e-04
bump_layer_stats step:2311 frac:0.389112 phase:post_late layer:6 looped:0 grad_norm:4.13210656e-02 param_norm:1.38126850e+02 grad_param_ratio:2.99153030e-04
bump_layer_stats step:2311 frac:0.389112 phase:post_late layer:7 looped:0 grad_norm:4.00783738e-02 param_norm:1.38563088e+02 grad_param_ratio:2.89242788e-04
bump_layer_stats step:2311 frac:0.389112 phase:post_late layer:8 looped:0 grad_norm:4.15393450e-02 param_norm:1.40064082e+02 grad_param_ratio:2.96573857e-04
bump_layer_stats step:2311 frac:0.389112 phase:post_late layer:9 looped:0 grad_norm:4.28633804e-02 param_norm:1.39477158e+02 grad_param_ratio:3.07314697e-04
bump_layer_stats step:2311 frac:0.389112 phase:post_late layer:10 looped:0 grad_norm:6.90761382e-02 param_norm:1.35724327e+02 grad_param_ratio:5.08944414e-04
bump_probe step:2312 frac:0.389359 phase:post_late loop_active:1 loss:2.56301056 bpb:1.17926766 eval_time:158ms
bump_counterfactual step:2312 frac:0.389359 phase:post_late p_loop:1.000000 policy_loss:2.56301056 policy_bpb:1.17926766 loop_off_loss:2.60101235 loop_off_bpb:1.19675268 loop_on_loss:2.56301056 loop_on_bpb:1.17926766 delta_loss:-0.03800179 delta_bpb:-0.01748501
bump_layer_stats step:2312 frac:0.389359 phase:post_late layer:0 looped:0 grad_norm:5.34334058e-02 param_norm:1.33541206e+02 grad_param_ratio:4.00126729e-04
bump_layer_stats step:2312 frac:0.389359 phase:post_late layer:1 looped:0 grad_norm:4.67154450e-02 param_norm:1.32977455e+02 grad_param_ratio:3.51303498e-04
bump_layer_stats step:2312 frac:0.389359 phase:post_late layer:2 looped:0 grad_norm:4.46051465e-02 param_norm:1.36034217e+02 grad_param_ratio:3.27896522e-04
bump_layer_stats step:2312 frac:0.389359 phase:post_late layer:3 looped:1 grad_norm:4.60749605e-02 param_norm:1.33857632e+02 grad_param_ratio:3.44208693e-04
bump_layer_stats step:2312 frac:0.389359 phase:post_late layer:4 looped:1 grad_norm:4.80152844e-02 param_norm:1.34684736e+02 grad_param_ratio:3.56501307e-04
bump_layer_stats step:2312 frac:0.389359 phase:post_late layer:5 looped:1 grad_norm:4.52096237e-02 param_norm:1.37010600e+02 grad_param_ratio:3.29971722e-04
bump_layer_stats step:2312 frac:0.389359 phase:post_late layer:6 looped:0 grad_norm:4.18529112e-02 param_norm:1.38114726e+02 grad_param_ratio:3.03030042e-04
bump_layer_stats step:2312 frac:0.389359 phase:post_late layer:7 looped:0 grad_norm:4.22829367e-02 param_norm:1.38556924e+02 grad_param_ratio:3.05166536e-04
bump_layer_stats step:2312 frac:0.389359 phase:post_late layer:8 looped:0 grad_norm:4.55600604e-02 param_norm:1.40052401e+02 grad_param_ratio:3.25307242e-04
bump_layer_stats step:2312 frac:0.389359 phase:post_late layer:9 looped:0 grad_norm:4.81570867e-02 param_norm:1.39464298e+02 grad_param_ratio:3.45300462e-04
bump_layer_stats step:2312 frac:0.389359 phase:post_late layer:10 looped:0 grad_norm:7.53148277e-02 param_norm:1.35708442e+02 grad_param_ratio:5.54975257e-04
bump_probe step:2313 frac:0.389607 phase:post_late loop_active:1 loss:2.57433875 bpb:1.18447988 eval_time:157ms
bump_counterfactual step:2313 frac:0.389607 phase:post_late p_loop:1.000000 policy_loss:2.57433875 policy_bpb:1.18447988 loop_off_loss:2.61371751 loop_off_bpb:1.20259846 loop_on_loss:2.57433875 loop_on_bpb:1.18447988 delta_loss:-0.03937876 delta_bpb:-0.01811857
bump_layer_stats step:2313 frac:0.389607 phase:post_late layer:0 looped:0 grad_norm:8.13342896e-02 param_norm:1.33529130e+02 grad_param_ratio:6.09112704e-04
bump_layer_stats step:2313 frac:0.389607 phase:post_late layer:1 looped:0 grad_norm:7.37514600e-02 param_norm:1.32967666e+02 grad_param_ratio:5.54657098e-04
bump_layer_stats step:2313 frac:0.389607 phase:post_late layer:2 looped:0 grad_norm:7.23498370e-02 param_norm:1.36021603e+02 grad_param_ratio:5.31899604e-04
bump_layer_stats step:2313 frac:0.389607 phase:post_late layer:3 looped:1 grad_norm:7.44189413e-02 param_norm:1.33834698e+02 grad_param_ratio:5.56051177e-04
bump_layer_stats step:2313 frac:0.389607 phase:post_late layer:4 looped:1 grad_norm:8.31560092e-02 param_norm:1.34670747e+02 grad_param_ratio:6.17476410e-04
bump_layer_stats step:2313 frac:0.389607 phase:post_late layer:5 looped:1 grad_norm:7.65596390e-02 param_norm:1.36978619e+02 grad_param_ratio:5.58916709e-04
bump_layer_stats step:2313 frac:0.389607 phase:post_late layer:6 looped:0 grad_norm:7.45448232e-02 param_norm:1.38093499e+02 grad_param_ratio:5.39814139e-04
bump_layer_stats step:2313 frac:0.389607 phase:post_late layer:7 looped:0 grad_norm:7.27483990e-02 param_norm:1.38534455e+02 grad_param_ratio:5.25128562e-04
bump_layer_stats step:2313 frac:0.389607 phase:post_late layer:8 looped:0 grad_norm:7.82665565e-02 param_norm:1.40024288e+02 grad_param_ratio:5.58949864e-04
bump_layer_stats step:2313 frac:0.389607 phase:post_late layer:9 looped:0 grad_norm:7.47499138e-02 param_norm:1.39449625e+02 grad_param_ratio:5.36035243e-04
bump_layer_stats step:2313 frac:0.389607 phase:post_late layer:10 looped:0 grad_norm:1.10399194e-01 param_norm:1.35690822e+02 grad_param_ratio:8.13608411e-04
bump_probe step:2314 frac:0.389859 phase:post_late loop_active:1 loss:2.56503898 bpb:1.18020096 eval_time:157ms
bump_counterfactual step:2314 frac:0.389859 phase:post_late p_loop:1.000000 policy_loss:2.56503898 policy_bpb:1.18020096 loop_off_loss:2.60215383 loop_off_bpb:1.19727789 loop_on_loss:2.56503898 loop_on_bpb:1.18020096 delta_loss:-0.03711485 delta_bpb:-0.01707693
bump_layer_stats step:2314 frac:0.389859 phase:post_late layer:0 looped:0 grad_norm:6.15730180e-02 param_norm:1.33509394e+02 grad_param_ratio:4.61188656e-04
bump_layer_stats step:2314 frac:0.389859 phase:post_late layer:1 looped:0 grad_norm:5.42286991e-02 param_norm:1.32954527e+02 grad_param_ratio:4.07874034e-04
bump_layer_stats step:2314 frac:0.389859 phase:post_late layer:2 looped:0 grad_norm:5.28758273e-02 param_norm:1.36014115e+02 grad_param_ratio:3.88752501e-04
bump_layer_stats step:2314 frac:0.389859 phase:post_late layer:3 looped:1 grad_norm:6.04965375e-02 param_norm:1.33813887e+02 grad_param_ratio:4.52094613e-04
bump_layer_stats step:2314 frac:0.389859 phase:post_late layer:4 looped:1 grad_norm:6.10236417e-02 param_norm:1.34653837e+02 grad_param_ratio:4.53189031e-04
bump_layer_stats step:2314 frac:0.389859 phase:post_late layer:5 looped:1 grad_norm:5.53613897e-02 param_norm:1.36954514e+02 grad_param_ratio:4.04231945e-04
bump_layer_stats step:2314 frac:0.389859 phase:post_late layer:6 looped:0 grad_norm:4.88925722e-02 param_norm:1.38085367e+02 grad_param_ratio:3.54074969e-04
bump_layer_stats step:2314 frac:0.389859 phase:post_late layer:7 looped:0 grad_norm:4.71324814e-02 param_norm:1.38533709e+02 grad_param_ratio:3.40223919e-04
bump_layer_stats step:2314 frac:0.389859 phase:post_late layer:8 looped:0 grad_norm:4.81813869e-02 param_norm:1.40015619e+02 grad_param_ratio:3.44114372e-04
bump_layer_stats step:2314 frac:0.389859 phase:post_late layer:9 looped:0 grad_norm:5.23106059e-02 param_norm:1.39433849e+02 grad_param_ratio:3.75164326e-04
bump_layer_stats step:2314 frac:0.389859 phase:post_late layer:10 looped:0 grad_norm:8.20605553e-02 param_norm:1.35672992e+02 grad_param_ratio:6.04840759e-04
bump_probe step:2315 frac:0.390106 phase:post_late loop_active:1 loss:2.56960674 bpb:1.18230263 eval_time:157ms
bump_counterfactual step:2315 frac:0.390106 phase:post_late p_loop:1.000000 policy_loss:2.56960674 policy_bpb:1.18230263 loop_off_loss:2.61114258 loop_off_bpb:1.20141370 loop_on_loss:2.56960674 loop_on_bpb:1.18230263 delta_loss:-0.04153585 delta_bpb:-0.01911107
bump_layer_stats step:2315 frac:0.390106 phase:post_late layer:0 looped:0 grad_norm:4.82300538e-02 param_norm:1.33497840e+02 grad_param_ratio:3.61279656e-04
bump_layer_stats step:2315 frac:0.390106 phase:post_late layer:1 looped:0 grad_norm:4.13585857e-02 param_norm:1.32941606e+02 grad_param_ratio:3.11103400e-04
bump_layer_stats step:2315 frac:0.390106 phase:post_late layer:2 looped:0 grad_norm:3.96418333e-02 param_norm:1.35996343e+02 grad_param_ratio:2.91491906e-04
bump_layer_stats step:2315 frac:0.390106 phase:post_late layer:3 looped:1 grad_norm:4.15998388e-02 param_norm:1.33788674e+02 grad_param_ratio:3.10936925e-04
bump_layer_stats step:2315 frac:0.390106 phase:post_late layer:4 looped:1 grad_norm:4.30263490e-02 param_norm:1.34632830e+02 grad_param_ratio:3.19582891e-04
bump_layer_stats step:2315 frac:0.390106 phase:post_late layer:5 looped:1 grad_norm:3.97887707e-02 param_norm:1.36916332e+02 grad_param_ratio:2.90606461e-04
bump_layer_stats step:2315 frac:0.390106 phase:post_late layer:6 looped:0 grad_norm:3.74263697e-02 param_norm:1.38054632e+02 grad_param_ratio:2.71098254e-04
bump_layer_stats step:2315 frac:0.390106 phase:post_late layer:7 looped:0 grad_norm:3.75297344e-02 param_norm:1.38505804e+02 grad_param_ratio:2.70961456e-04
bump_layer_stats step:2315 frac:0.390106 phase:post_late layer:8 looped:0 grad_norm:3.93009358e-02 param_norm:1.39982478e+02 grad_param_ratio:2.80756109e-04
bump_layer_stats step:2315 frac:0.390106 phase:post_late layer:9 looped:0 grad_norm:4.16838986e-02 param_norm:1.39414402e+02 grad_param_ratio:2.98992772e-04
bump_layer_stats step:2315 frac:0.390106 phase:post_late layer:10 looped:0 grad_norm:5.69205996e-02 param_norm:1.35646915e+02 grad_param_ratio:4.19623253e-04
bump_probe step:2316 frac:0.390355 phase:post_late loop_active:1 loss:2.56331279 bpb:1.17940672 eval_time:158ms
bump_counterfactual step:2316 frac:0.390355 phase:post_late p_loop:1.000000 policy_loss:2.56331279 policy_bpb:1.17940672 loop_off_loss:2.60171299 loop_off_bpb:1.19707505 loop_on_loss:2.56331279 loop_on_bpb:1.17940672 delta_loss:-0.03840020 delta_bpb:-0.01766833
bump_layer_stats step:2316 frac:0.390355 phase:post_late layer:0 looped:0 grad_norm:5.57991220e-02 param_norm:1.33486792e+02 grad_param_ratio:4.18012308e-04
bump_layer_stats step:2316 frac:0.390355 phase:post_late layer:1 looped:0 grad_norm:4.86400608e-02 param_norm:1.32934407e+02 grad_param_ratio:3.65895194e-04
bump_layer_stats step:2316 frac:0.390355 phase:post_late layer:2 looped:0 grad_norm:4.58358243e-02 param_norm:1.35992767e+02 grad_param_ratio:3.37046044e-04
bump_layer_stats step:2316 frac:0.390355 phase:post_late layer:3 looped:1 grad_norm:4.93211009e-02 param_norm:1.33777433e+02 grad_param_ratio:3.68680276e-04
bump_layer_stats step:2316 frac:0.390355 phase:post_late layer:4 looped:1 grad_norm:5.03807037e-02 param_norm:1.34624058e+02 grad_param_ratio:3.74232544e-04
bump_layer_stats step:2316 frac:0.390355 phase:post_late layer:5 looped:1 grad_norm:4.64460832e-02 param_norm:1.36897445e+02 grad_param_ratio:3.39276481e-04
bump_layer_stats step:2316 frac:0.390355 phase:post_late layer:6 looped:0 grad_norm:4.22488126e-02 param_norm:1.38047512e+02 grad_param_ratio:3.06045447e-04
bump_layer_stats step:2316 frac:0.390355 phase:post_late layer:7 looped:0 grad_norm:4.13585659e-02 param_norm:1.38505454e+02 grad_param_ratio:2.98606046e-04
bump_layer_stats step:2316 frac:0.390355 phase:post_late layer:8 looped:0 grad_norm:4.18490548e-02 param_norm:1.39979751e+02 grad_param_ratio:2.98965061e-04
bump_layer_stats step:2316 frac:0.390355 phase:post_late layer:9 looped:0 grad_norm:4.09253195e-02 param_norm:1.39404761e+02 grad_param_ratio:2.93571894e-04
bump_layer_stats step:2316 frac:0.390355 phase:post_late layer:10 looped:0 grad_norm:6.57891855e-02 param_norm:1.35637186e+02 grad_param_ratio:4.85037972e-04
bump_probe step:2317 frac:0.390603 phase:post_late loop_active:1 loss:2.57207252 bpb:1.18343716 eval_time:158ms
bump_counterfactual step:2317 frac:0.390603 phase:post_late p_loop:1.000000 policy_loss:2.57207252 policy_bpb:1.18343716 loop_off_loss:2.61435186 loop_off_bpb:1.20289033 loop_on_loss:2.57207252 loop_on_bpb:1.18343716 delta_loss:-0.04227934 delta_bpb:-0.01945316
bump_layer_stats step:2317 frac:0.390603 phase:post_late layer:0 looped:0 grad_norm:5.17836883e-02 param_norm:1.33482417e+02 grad_param_ratio:3.87943890e-04
bump_layer_stats step:2317 frac:0.390603 phase:post_late layer:1 looped:0 grad_norm:4.63066668e-02 param_norm:1.32923409e+02 grad_param_ratio:3.48371044e-04
bump_layer_stats step:2317 frac:0.390603 phase:post_late layer:2 looped:0 grad_norm:4.38040198e-02 param_norm:1.35976327e+02 grad_param_ratio:3.22144455e-04
bump_layer_stats step:2317 frac:0.390603 phase:post_late layer:3 looped:1 grad_norm:4.95036085e-02 param_norm:1.33754767e+02 grad_param_ratio:3.70107246e-04
bump_layer_stats step:2317 frac:0.390603 phase:post_late layer:4 looped:1 grad_norm:5.16036803e-02 param_norm:1.34607366e+02 grad_param_ratio:3.83364461e-04
bump_layer_stats step:2317 frac:0.390603 phase:post_late layer:5 looped:1 grad_norm:4.79631102e-02 param_norm:1.36865482e+02 grad_param_ratio:3.50439786e-04
bump_layer_stats step:2317 frac:0.390603 phase:post_late layer:6 looped:0 grad_norm:4.42154700e-02 param_norm:1.38030485e+02 grad_param_ratio:3.20331194e-04
bump_layer_stats step:2317 frac:0.390603 phase:post_late layer:7 looped:0 grad_norm:4.17096341e-02 param_norm:1.38481100e+02 grad_param_ratio:3.01193694e-04
bump_layer_stats step:2317 frac:0.390603 phase:post_late layer:8 looped:0 grad_norm:4.21205642e-02 param_norm:1.39960960e+02 grad_param_ratio:3.00945093e-04
bump_layer_stats step:2317 frac:0.390603 phase:post_late layer:9 looped:0 grad_norm:4.75898373e-02 param_norm:1.39387462e+02 grad_param_ratio:3.41421220e-04
bump_layer_stats step:2317 frac:0.390603 phase:post_late layer:10 looped:0 grad_norm:7.31384713e-02 param_norm:1.35616847e+02 grad_param_ratio:5.39302253e-04
bump_probe step:2318 frac:0.390851 phase:post_late loop_active:1 loss:2.56409172 bpb:1.17976512 eval_time:157ms
bump_counterfactual step:2318 frac:0.390851 phase:post_late p_loop:1.000000 policy_loss:2.56409172 policy_bpb:1.17976512 loop_off_loss:2.60182856 loop_off_bpb:1.19712823 loop_on_loss:2.56409172 loop_on_bpb:1.17976512 delta_loss:-0.03773684 delta_bpb:-0.01736311
bump_layer_stats step:2318 frac:0.390851 phase:post_late layer:0 looped:0 grad_norm:5.49872245e-02 param_norm:1.33475722e+02 grad_param_ratio:4.11964241e-04
bump_layer_stats step:2318 frac:0.390851 phase:post_late layer:1 looped:0 grad_norm:4.98347094e-02 param_norm:1.32917662e+02 grad_param_ratio:3.74929176e-04
bump_layer_stats step:2318 frac:0.390851 phase:post_late layer:2 looped:0 grad_norm:4.73552891e-02 param_norm:1.35971572e+02 grad_param_ratio:3.48273455e-04
bump_layer_stats step:2318 frac:0.390851 phase:post_late layer:3 looped:1 grad_norm:4.92135358e-02 param_norm:1.33748080e+02 grad_param_ratio:3.67956952e-04
bump_layer_stats step:2318 frac:0.390851 phase:post_late layer:4 looped:1 grad_norm:5.09276651e-02 param_norm:1.34599007e+02 grad_param_ratio:3.78365832e-04
bump_layer_stats step:2318 frac:0.390851 phase:post_late layer:5 looped:1 grad_norm:4.73969338e-02 param_norm:1.36845522e+02 grad_param_ratio:3.46353560e-04
bump_layer_stats step:2318 frac:0.390851 phase:post_late layer:6 looped:0 grad_norm:4.45602733e-02 param_norm:1.38024846e+02 grad_param_ratio:3.22842406e-04
bump_layer_stats step:2318 frac:0.390851 phase:post_late layer:7 looped:0 grad_norm:4.33359111e-02 param_norm:1.38478045e+02 grad_param_ratio:3.12944272e-04
bump_layer_stats step:2318 frac:0.390851 phase:post_late layer:8 looped:0 grad_norm:4.56841474e-02 param_norm:1.39957158e+02 grad_param_ratio:3.26415227e-04
bump_layer_stats step:2318 frac:0.390851 phase:post_late layer:9 looped:0 grad_norm:4.50242953e-02 param_norm:1.39373321e+02 grad_param_ratio:3.23048164e-04
bump_layer_stats step:2318 frac:0.390851 phase:post_late layer:10 looped:0 grad_norm:6.79768937e-02 param_norm:1.35606650e+02 grad_param_ratio:5.01279940e-04
bump_probe step:2319 frac:0.391101 phase:post_late loop_active:1 loss:2.56970601 bpb:1.18234831 eval_time:157ms
bump_counterfactual step:2319 frac:0.391101 phase:post_late p_loop:1.000000 policy_loss:2.56970601 policy_bpb:1.18234831 loop_off_loss:2.61356961 loop_off_bpb:1.20253040 loop_on_loss:2.56970601 loop_on_bpb:1.18234831 delta_loss:-0.04386360 delta_bpb:-0.02018210
bump_layer_stats step:2319 frac:0.391101 phase:post_late layer:0 looped:0 grad_norm:5.53126453e-02 param_norm:1.33472313e+02 grad_param_ratio:4.14412877e-04
bump_layer_stats step:2319 frac:0.391101 phase:post_late layer:1 looped:0 grad_norm:4.92686761e-02 param_norm:1.32906926e+02 grad_param_ratio:3.70700591e-04
bump_layer_stats step:2319 frac:0.391101 phase:post_late layer:2 looped:0 grad_norm:4.54775342e-02 param_norm:1.35959640e+02 grad_param_ratio:3.34492900e-04
bump_layer_stats step:2319 frac:0.391101 phase:post_late layer:3 looped:1 grad_norm:4.81103780e-02 param_norm:1.33726330e+02 grad_param_ratio:3.59767429e-04
bump_layer_stats step:2319 frac:0.391101 phase:post_late layer:4 looped:1 grad_norm:5.09126768e-02 param_norm:1.34581530e+02 grad_param_ratio:3.78303596e-04
bump_layer_stats step:2319 frac:0.391101 phase:post_late layer:5 looped:1 grad_norm:4.68817765e-02 param_norm:1.36809007e+02 grad_param_ratio:3.42680483e-04
bump_layer_stats step:2319 frac:0.391101 phase:post_late layer:6 looped:0 grad_norm:4.26688888e-02 param_norm:1.38004501e+02 grad_param_ratio:3.09184763e-04
bump_layer_stats step:2319 frac:0.391101 phase:post_late layer:7 looped:0 grad_norm:4.19531695e-02 param_norm:1.38454516e+02 grad_param_ratio:3.03010481e-04
bump_layer_stats step:2319 frac:0.391101 phase:post_late layer:8 looped:0 grad_norm:4.32255871e-02 param_norm:1.39940195e+02 grad_param_ratio:3.08886144e-04
bump_layer_stats step:2319 frac:0.391101 phase:post_late layer:9 looped:0 grad_norm:3.90106092e-02 param_norm:1.39356400e+02 grad_param_ratio:2.79934105e-04
bump_layer_stats step:2319 frac:0.391101 phase:post_late layer:10 looped:0 grad_norm:6.28995577e-02 param_norm:1.35584381e+02 grad_param_ratio:4.63914482e-04
2500/20000 train_loss: 2.5566 train_time: 4.3m tok/s: 7594509
3000/20000 train_loss: 2.5670 train_time: 5.5m tok/s: 7138375
3500/20000 train_loss: 2.5678 train_time: 6.7m tok/s: 6843779
4000/20000 train_loss: 2.4090 train_time: 7.9m tok/s: 6639927
4000/20000 val_loss: 2.4254 val_bpb: 1.1083
seq_len_curriculum:bump step:4230 frac:0.850 seq_len:2048->8192
4500/20000 train_loss: 2.1936 train_time: 9.2m tok/s: 6398860
4751/20000 val_loss: 2.3172 val_bpb: 1.0589
stopping_early: wallclock_cap train_time: 596156ms step: 4751/20000
peak memory allocated: 40045 MiB reserved: 44130 MiB
ema:applying EMA weights
diagnostic pre-quantization post-ema val_loss:2.31651199 val_bpb:1.05854549 eval_time:7490ms
Serialized model: 135643006 bytes
Code size (uncompressed): 166482 bytes
Code size (compressed): 33185 bytes
GPTQ:collecting Hessians from calibration data...
GPTQ:collected 67 Hessians in 3.7s
Quantized weights:
  gate_int8_row: blocks.attn.attn_gate_w
  gptq (int6): blocks.attn.c_k.weight, blocks.attn.c_q.weight, blocks.attn.c_v.weight, blocks.attn.proj.weight, blocks.mlp.fc.weight, blocks.mlp.proj.weight
  gptq (int7): tok_emb.weight
  passthrough (float16): blocks.attn.q_gain, blocks.attn_scale, blocks.mlp_scale, blocks.resid_mix, loop_extra_attn_scale, loop_extra_mlp_scale, loop_extra_resid_mix, parallel_post_lambdas, parallel_resid_lambdas, skip_gates, skip_weights
Serialized model quantized+brotli: 15963096 bytes
Total submission size quantized+brotli: 15996281 bytes
diagnostic quantized val_loss:2.33645108 val_bpb:1.06765678 eval_time:7289ms
ttt_lora:warming up compile (random tokens, no val data)
ttt_lora:compile warmup done (277.5s)

beginning TTT eval timer
ttt_phased: total_docs:49996 prefix_docs:2000 suffix_docs:47996 num_phases:3 boundaries:[666, 1333, 2000]
ttp: b3122/3125 bl:1.9312 bb:0.9520 rl:1.9312 rb:0.9520 dl:19941-21733 gd:0
ttp: b3113/3125 bl:2.2390 bb:1.0630 rl:2.0378 rb:0.9914 dl:10608-11262 gd:0
ttp: b3107/3125 bl:2.3280 bb:1.1089 rl:2.1020 rb:1.0178 dl:8880-9095 gd:0
ttp: b3100/3125 bl:2.3536 bb:1.0876 rl:2.1412 rb:1.0291 dl:7420-7546 gd:0
ttp: b3093/3125 bl:2.2241 bb:1.0780 rl:2.1511 rb:1.0349 dl:6482-6533 gd:0
ttp: b3086/3125 bl:2.4403 bb:1.1326 rl:2.1792 rb:1.0447 dl:5836-5915 gd:0
ttp: b3079/3125 bl:2.2777 bb:1.0605 rl:2.1873 rb:1.0461 dl:5408-5488 gd:0
ttpp: phase:1/3 pd:780 gd:666 t:302.0s
tttg: c1/80 lr:0.001000 t:0.4s
tttg: c2/80 lr:0.001000 t:0.7s
tttg: c3/80 lr:0.000998 t:0.9s
tttg: c4/80 lr:0.000996 t:1.2s
tttg: c5/80 lr:0.000994 t:1.5s
tttg: c6/80 lr:0.000990 t:1.7s
tttg: c7/80 lr:0.000986 t:2.0s
tttg: c8/80 lr:0.000981 t:2.2s
tttg: c9/80 lr:0.000975 t:2.5s
tttg: c10/80 lr:0.000968 t:2.8s
tttg: c11/80 lr:0.000961 t:3.0s
tttg: c12/80 lr:0.000953 t:3.3s
tttg: c13/80 lr:0.000944 t:3.6s
tttg: c14/80 lr:0.000935 t:3.8s
tttg: c15/80 lr:0.000924 t:4.1s
tttg: c16/80 lr:0.000914 t:4.4s
tttg: c17/80 lr:0.000902 t:4.6s
tttg: c18/80 lr:0.000890 t:4.9s
tttg: c19/80 lr:0.000877 t:5.2s
tttg: c20/80 lr:0.000864 t:5.4s
tttg: c21/80 lr:0.000850 t:5.7s
tttg: c22/80 lr:0.000836 t:6.0s
tttg: c23/80 lr:0.000821 t:6.2s
tttg: c24/80 lr:0.000805 t:6.5s
tttg: c25/80 lr:0.000789 t:6.8s
tttg: c26/80 lr:0.000773 t:7.1s
tttg: c27/80 lr:0.000756 t:7.3s
tttg: c28/80 lr:0.000738 t:7.6s
tttg: c29/80 lr:0.000721 t:7.9s
tttg: c30/80 lr:0.000703 t:8.1s
tttg: c31/80 lr:0.000684 t:8.4s
tttg: c32/80 lr:0.000666 t:8.7s
tttg: c33/80 lr:0.000647 t:9.0s
tttg: c34/80 lr:0.000628 t:9.2s
tttg: c35/80 lr:0.000608 t:9.5s
tttg: c36/80 lr:0.000589 t:9.8s
tttg: c37/80 lr:0.000569 t:10.1s
tttg: c38/80 lr:0.000550 t:10.3s
tttg: c39/80 lr:0.000530 t:10.6s
tttg: c40/80 lr:0.000510 t:10.9s
tttg: c41/80 lr:0.000490 t:11.2s
tttg: c42/80 lr:0.000470 t:11.5s
tttg: c43/80 lr:0.000450 t:11.7s
tttg: c44/80 lr:0.000431 t:12.0s
tttg: c45/80 lr:0.000411 t:12.3s
tttg: c46/80 lr:0.000392 t:12.6s
tttg: c47/80 lr:0.000372 t:12.9s
tttg: c48/80 lr:0.000353 t:13.1s
tttg: c49/80 lr:0.000334 t:13.4s
tttg: c50/80 lr:0.000316 t:13.7s
tttg: c51/80 lr:0.000297 t:14.0s
tttg: c52/80 lr:0.000279 t:14.2s
tttg: c53/80 lr:0.000262 t:14.5s
tttg: c54/80 lr:0.000244 t:14.8s
tttg: c55/80 lr:0.000227 t:15.1s
tttg: c56/80 lr:0.000211 t:15.3s
tttg: c57/80 lr:0.000195 t:15.6s
tttg: c58/80 lr:0.000179 t:15.9s
tttg: c59/80 lr:0.000164 t:16.2s
tttg: c60/80 lr:0.000150 t:16.4s
tttg: c61/80 lr:0.000136 t:16.7s
tttg: c62/80 lr:0.000123 t:17.0s
tttg: c63/80 lr:0.000110 t:17.2s
tttg: c64/80 lr:0.000098 t:17.5s
tttg: c65/80 lr:0.000086 t:17.8s
tttg: c66/80 lr:0.000076 t:18.1s
tttg: c67/80 lr:0.000065 t:18.3s
tttg: c68/80 lr:0.000056 t:18.6s
tttg: c69/80 lr:0.000047 t:18.9s
tttg: c70/80 lr:0.000039 t:19.1s
tttg: c71/80 lr:0.000032 t:19.4s
tttg: c72/80 lr:0.000025 t:19.7s
tttg: c73/80 lr:0.000019 t:20.0s
tttg: c74/80 lr:0.000014 t:20.2s
tttg: c75/80 lr:0.000010 t:20.5s
tttg: c76/80 lr:0.000006 t:20.8s
tttg: c77/80 lr:0.000004 t:21.1s
tttg: c78/80 lr:0.000002 t:21.3s
tttg: c79/80 lr:0.000000 t:21.6s
ttpr: phase:1/3 t:324.1s
ttp: b3076/3125 bl:2.3166 bb:1.1173 rl:2.1969 rb:1.0513 dl:5257-5318 gd:0
ttp: b3063/3125 bl:2.0122 bb:0.9220 rl:2.1857 rb:1.0431 dl:4619-4653 gd:0
ttp: b3055/3125 bl:2.4964 bb:1.1471 rl:2.2025 rb:1.0489 dl:4340-4366 gd:0
ttp: b3048/3125 bl:2.4560 bb:1.1008 rl:2.2149 rb:1.0516 dl:4117-4148 gd:0
ttp: b3043/3125 bl:2.4431 bb:1.1434 rl:2.2252 rb:1.0558 dl:3973-4011 gd:0
ttp: b3035/3125 bl:2.2678 bb:1.0251 rl:2.2270 rb:1.0545 dl:3784-3801 gd:0
ttpp: phase:2/3 pd:1452 gd:1333 t:353.7s
tttg: c1/124 lr:0.001000 t:0.2s
tttg: c2/124 lr:0.001000 t:0.5s
tttg: c3/124 lr:0.000999 t:0.7s
tttg: c4/124 lr:0.000999 t:1.0s
tttg: c5/124 lr:0.000997 t:1.2s
tttg: c6/124 lr:0.000996 t:1.5s
tttg: c7/124 lr:0.000994 t:1.7s
tttg: c8/124 lr:0.000992 t:2.0s
tttg: c9/124 lr:0.000990 t:2.2s
tttg: c10/124 lr:0.000987 t:2.5s
tttg: c11/124 lr:0.000984 t:2.8s
tttg: c12/124 lr:0.000980 t:3.0s
tttg: c13/124 lr:0.000977 t:3.3s
tttg: c14/124 lr:0.000973 t:3.5s
tttg: c15/124 lr:0.000968 t:3.8s
tttg: c16/124 lr:0.000964 t:4.0s
tttg: c17/124 lr:0.000959 t:4.3s
tttg: c18/124 lr:0.000954 t:4.5s
tttg: c19/124 lr:0.000948 t:4.8s
tttg: c20/124 lr:0.000942 t:5.1s
tttg: c21/124 lr:0.000936 t:5.3s
tttg: c22/124 lr:0.000930 t:5.6s
tttg: c23/124 lr:0.000923 t:5.8s
tttg: c24/124 lr:0.000916 t:6.1s
tttg: c25/124 lr:0.000909 t:6.3s
tttg: c26/124 lr:0.000901 t:6.6s
tttg: c27/124 lr:0.000894 t:6.9s
tttg: c28/124 lr:0.000886 t:7.1s
tttg: c29/124 lr:0.000877 t:7.4s
tttg: c30/124 lr:0.000869 t:7.6s
tttg: c31/124 lr:0.000860 t:7.9s
tttg: c32/124 lr:0.000851 t:8.2s
tttg: c33/124 lr:0.000842 t:8.4s
tttg: c34/124 lr:0.000833 t:8.7s
tttg: c35/124 lr:0.000823 t:8.9s
tttg: c36/124 lr:0.000813 t:9.2s
tttg: c37/124 lr:0.000803 t:9.4s
tttg: c38/124 lr:0.000793 t:9.7s
tttg: c39/124 lr:0.000782 t:10.0s
tttg: c40/124 lr:0.000772 t:10.2s
tttg: c41/124 lr:0.000761 t:10.5s
tttg: c42/124 lr:0.000750 t:10.8s
tttg: c43/124 lr:0.000739 t:11.0s
tttg: c44/124 lr:0.000728 t:11.3s
tttg: c45/124 lr:0.000716 t:11.5s
tttg: c46/124 lr:0.000705 t:11.8s
tttg: c47/124 lr:0.000693 t:12.1s
tttg: c48/124 lr:0.000681 t:12.3s
tttg: c49/124 lr:0.000669 t:12.6s
tttg: c50/124 lr:0.000657 t:12.9s
tttg: c51/124 lr:0.000645 t:13.1s
tttg: c52/124 lr:0.000632 t:13.4s
tttg: c53/124 lr:0.000620 t:13.6s
tttg: c54/124 lr:0.000608 t:13.9s
tttg: c55/124 lr:0.000595 t:14.2s
tttg: c56/124 lr:0.000583 t:14.4s
tttg: c57/124 lr:0.000570 t:14.7s
tttg: c58/124 lr:0.000557 t:15.0s
tttg: c59/124 lr:0.000545 t:15.2s
tttg: c60/124 lr:0.000532 t:15.5s
tttg: c61/124 lr:0.000519 t:15.8s
tttg: c62/124 lr:0.000506 t:16.0s
tttg: c63/124 lr:0.000494 t:16.3s
tttg: c64/124 lr:0.000481 t:16.6s
tttg: c65/124 lr:0.000468 t:16.8s
tttg: c66/124 lr:0.000455 t:17.1s
tttg: c67/124 lr:0.000443 t:17.4s
tttg: c68/124 lr:0.000430 t:17.7s
tttg: c69/124 lr:0.000417 t:17.9s
tttg: c70/124 lr:0.000405 t:18.2s
tttg: c71/124 lr:0.000392 t:18.5s
tttg: c72/124 lr:0.000380 t:18.7s
tttg: c73/124 lr:0.000368 t:19.0s
tttg: c74/124 lr:0.000355 t:19.3s
tttg: c75/124 lr:0.000343 t:19.5s
tttg: c76/124 lr:0.000331 t:19.8s
tttg: c77/124 lr:0.000319 t:20.1s
tttg: c78/124 lr:0.000307 t:20.4s
tttg: c79/124 lr:0.000295 t:20.6s
tttg: c80/124 lr:0.000284 t:20.9s
tttg: c81/124 lr:0.000272 t:21.2s
tttg: c82/124 lr:0.000261 t:21.5s
tttg: c83/124 lr:0.000250 t:21.7s
tttg: c84/124 lr:0.000239 t:22.0s
tttg: c85/124 lr:0.000228 t:22.3s
tttg: c86/124 lr:0.000218 t:22.6s
tttg: c87/124 lr:0.000207 t:22.9s
tttg: c88/124 lr:0.000197 t:23.1s
tttg: c89/124 lr:0.000187 t:23.4s
tttg: c90/124 lr:0.000177 t:23.7s
tttg: c91/124 lr:0.000167 t:24.0s
tttg: c92/124 lr:0.000158 t:24.3s
tttg: c93/124 lr:0.000149 t:24.5s
tttg: c94/124 lr:0.000140 t:24.8s
tttg: c95/124 lr:0.000131 t:25.1s
tttg: c96/124 lr:0.000123 t:25.4s
tttg: c97/124 lr:0.000114 t:25.6s
tttg: c98/124 lr:0.000106 t:25.9s
tttg: c99/124 lr:0.000099 t:26.2s
tttg: c100/124 lr:0.000091 t:26.5s
tttg: c101/124 lr:0.000084 t:26.7s
tttg: c102/124 lr:0.000077 t:27.0s
tttg: c103/124 lr:0.000070 t:27.3s
tttg: c104/124 lr:0.000064 t:27.6s
tttg: c105/124 lr:0.000058 t:27.8s
tttg: c106/124 lr:0.000052 t:28.1s
tttg: c107/124 lr:0.000046 t:28.4s
tttg: c108/124 lr:0.000041 t:28.7s
tttg: c109/124 lr:0.000036 t:28.9s
tttg: c110/124 lr:0.000032 t:29.2s
tttg: c111/124 lr:0.000027 t:29.5s
tttg: c112/124 lr:0.000023 t:29.8s
tttg: c113/124 lr:0.000020 t:30.0s
tttg: c114/124 lr:0.000016 t:30.3s
tttg: c115/124 lr:0.000013 t:30.6s
tttg: c116/124 lr:0.000010 t:30.8s
tttg: c117/124 lr:0.000008 t:31.1s
tttg: c118/124 lr:0.000006 t:31.4s
tttg: c119/124 lr:0.000004 t:31.7s
tttg: c120/124 lr:0.000003 t:31.9s
tttg: c121/124 lr:0.000001 t:32.2s
tttg: c122/124 lr:0.000001 t:32.5s
tttg: c123/124 lr:0.000000 t:32.8s
ttpr: phase:2/3 t:386.9s
ttp: b3034/3125 bl:2.4017 bb:1.0587 rl:2.2339 rb:1.0547 dl:3765-3782 gd:0
ttp: b3020/3125 bl:2.4317 bb:1.0823 rl:2.2407 rb:1.0557 dl:3450-3468 gd:0
ttp: b3012/3125 bl:2.2808 bb:1.0457 rl:2.2420 rb:1.0554 dl:3334-3348 gd:0
ttp: b3008/3125 bl:2.2458 bb:1.0050 rl:2.2422 rb:1.0537 dl:3272-3287 gd:0
ttp: b2998/3125 bl:2.4102 bb:1.0349 rl:2.2470 rb:1.0531 dl:3111-3121 gd:0
ttp: b2994/3125 bl:2.4793 bb:1.1425 rl:2.2533 rb:1.0556 dl:3055-3067 gd:0
ttpp: phase:3/3 pd:2124 gd:2000 t:403.6s
tttg: c1/158 lr:0.001000 t:0.2s
tttg: c2/158 lr:0.001000 t:0.5s
tttg: c3/158 lr:0.001000 t:0.7s
tttg: c4/158 lr:0.000999 t:1.0s
tttg: c5/158 lr:0.000998 t:1.2s
tttg: c6/158 lr:0.000997 t:1.5s
tttg: c7/158 lr:0.000996 t:1.7s
tttg: c8/158 lr:0.000995 t:2.0s
tttg: c9/158 lr:0.000994 t:2.2s
tttg: c10/158 lr:0.000992 t:2.5s
tttg: c11/158 lr:0.000990 t:2.7s
tttg: c12/158 lr:0.000988 t:3.0s
tttg: c13/158 lr:0.000986 t:3.2s
tttg: c14/158 lr:0.000983 t:3.5s
tttg: c15/158 lr:0.000981 t:3.7s
tttg: c16/158 lr:0.000978 t:4.0s
tttg: c17/158 lr:0.000975 t:4.2s
tttg: c18/158 lr:0.000971 t:4.5s
tttg: c19/158 lr:0.000968 t:4.7s
tttg: c20/158 lr:0.000964 t:5.0s
tttg: c21/158 lr:0.000960 t:5.2s
tttg: c22/158 lr:0.000957 t:5.5s
tttg: c23/158 lr:0.000952 t:5.7s
tttg: c24/158 lr:0.000948 t:6.0s
tttg: c25/158 lr:0.000943 t:6.2s
tttg: c26/158 lr:0.000939 t:6.5s
tttg: c27/158 lr:0.000934 t:6.7s
tttg: c28/158 lr:0.000929 t:7.0s
tttg: c29/158 lr:0.000924 t:7.2s
tttg: c30/158 lr:0.000918 t:7.5s
tttg: c31/158 lr:0.000913 t:7.7s
tttg: c32/158 lr:0.000907 t:8.0s
tttg: c33/158 lr:0.000901 t:8.2s
tttg: c34/158 lr:0.000895 t:8.5s
tttg: c35/158 lr:0.000889 t:8.7s
tttg: c36/158 lr:0.000882 t:9.0s
tttg: c37/158 lr:0.000876 t:9.2s
tttg: c38/158 lr:0.000869 t:9.5s
tttg: c39/158 lr:0.000862 t:9.8s
tttg: c40/158 lr:0.000855 t:10.0s
tttg: c41/158 lr:0.000848 t:10.3s
tttg: c42/158 lr:0.000841 t:10.5s
tttg: c43/158 lr:0.000834 t:10.8s
tttg: c44/158 lr:0.000826 t:11.0s
tttg: c45/158 lr:0.000818 t:11.3s
tttg: c46/158 lr:0.000811 t:11.5s
tttg: c47/158 lr:0.000803 t:11.8s
tttg: c48/158 lr:0.000795 t:12.0s
tttg: c49/158 lr:0.000787 t:12.3s
tttg: c50/158 lr:0.000778 t:12.6s
tttg: c51/158 lr:0.000770 t:12.8s
tttg: c52/158 lr:0.000761 t:13.1s
tttg: c53/158 lr:0.000753 t:13.3s
tttg: c54/158 lr:0.000744 t:13.6s
tttg: c55/158 lr:0.000735 t:13.8s
tttg: c56/158 lr:0.000727 t:14.1s
tttg: c57/158 lr:0.000718 t:14.4s
tttg: c58/158 lr:0.000709 t:14.6s
tttg: c59/158 lr:0.000699 t:14.9s
tttg: c60/158 lr:0.000690 t:15.1s
tttg: c61/158 lr:0.000681 t:15.4s
tttg: c62/158 lr:0.000672 t:15.6s
tttg: c63/158 lr:0.000662 t:15.9s
tttg: c64/158 lr:0.000653 t:16.2s
tttg: c65/158 lr:0.000643 t:16.4s
tttg: c66/158 lr:0.000633 t:16.7s
tttg: c67/158 lr:0.000624 t:16.9s
tttg: c68/158 lr:0.000614 t:17.2s
tttg: c69/158 lr:0.000604 t:17.5s
tttg: c70/158 lr:0.000594 t:17.7s
tttg: c71/158 lr:0.000585 t:18.0s
tttg: c72/158 lr:0.000575 t:18.2s
tttg: c73/158 lr:0.000565 t:18.5s
tttg: c74/158 lr:0.000555 t:18.8s
tttg: c75/158 lr:0.000545 t:19.0s
tttg: c76/158 lr:0.000535 t:19.3s
tttg: c77/158 lr:0.000525 t:19.5s
tttg: c78/158 lr:0.000515 t:19.8s
tttg: c79/158 lr:0.000505 t:20.1s
tttg: c80/158 lr:0.000495 t:20.3s
tttg: c81/158 lr:0.000485 t:20.6s
tttg: c82/158 lr:0.000475 t:20.9s
tttg: c83/158 lr:0.000465 t:21.1s
tttg: c84/158 lr:0.000455 t:21.4s
tttg: c85/158 lr:0.000445 t:21.6s
tttg: c86/158 lr:0.000435 t:21.9s
tttg: c87/158 lr:0.000425 t:22.2s
tttg: c88/158 lr:0.000415 t:22.4s
tttg: c89/158 lr:0.000406 t:22.7s
tttg: c90/158 lr:0.000396 t:23.0s
tttg: c91/158 lr:0.000386 t:23.2s
tttg: c92/158 lr:0.000376 t:23.5s
tttg: c93/158 lr:0.000367 t:23.8s
tttg: c94/158 lr:0.000357 t:24.0s
tttg: c95/158 lr:0.000347 t:24.3s
tttg: c96/158 lr:0.000338 t:24.6s
tttg: c97/158 lr:0.000328 t:24.8s
tttg: c98/158 lr:0.000319 t:25.1s
tttg: c99/158 lr:0.000310 t:25.4s
tttg: c100/158 lr:0.000301 t:25.6s
tttg: c101/158 lr:0.000291 t:25.9s
tttg: c102/158 lr:0.000282 t:26.2s
tttg: c103/158 lr:0.000273 t:26.5s
tttg: c104/158 lr:0.000265 t:26.7s
tttg: c105/158 lr:0.000256 t:27.0s
tttg: c106/158 lr:0.000247 t:27.3s
tttg: c107/158 lr:0.000239 t:27.5s
tttg: c108/158 lr:0.000230 t:27.8s
tttg: c109/158 lr:0.000222 t:28.1s
tttg: c110/158 lr:0.000213 t:28.4s
tttg: c111/158 lr:0.000205 t:28.6s
tttg: c112/158 lr:0.000197 t:28.9s
tttg: c113/158 lr:0.000189 t:29.2s
tttg: c114/158 lr:0.000182 t:29.4s
tttg: c115/158 lr:0.000174 t:29.7s
tttg: c116/158 lr:0.000166 t:30.0s
tttg: c117/158 lr:0.000159 t:30.3s
tttg: c118/158 lr:0.000152 t:30.6s
tttg: c119/158 lr:0.000145 t:30.8s
tttg: c120/158 lr:0.000138 t:31.1s
tttg: c121/158 lr:0.000131 t:31.4s
tttg: c122/158 lr:0.000124 t:31.7s
tttg: c123/158 lr:0.000118 t:31.9s
tttg: c124/158 lr:0.000111 t:32.2s
tttg: c125/158 lr:0.000105 t:32.5s
tttg: c126/158 lr:0.000099 t:32.8s
tttg: c127/158 lr:0.000093 t:33.1s
tttg: c128/158 lr:0.000087 t:33.3s
tttg: c129/158 lr:0.000082 t:33.6s
tttg: c130/158 lr:0.000076 t:33.9s
tttg: c131/158 lr:0.000071 t:34.2s
tttg: c132/158 lr:0.000066 t:34.4s
tttg: c133/158 lr:0.000061 t:34.7s
tttg: c134/158 lr:0.000057 t:35.0s
tttg: c135/158 lr:0.000052 t:35.3s
tttg: c136/158 lr:0.000048 t:35.5s
tttg: c137/158 lr:0.000043 t:35.8s
tttg: c138/158 lr:0.000040 t:36.1s
tttg: c139/158 lr:0.000036 t:36.4s
tttg: c140/158 lr:0.000032 t:36.6s
tttg: c141/158 lr:0.000029 t:36.9s
tttg: c142/158 lr:0.000025 t:37.2s
tttg: c143/158 lr:0.000022 t:37.5s
tttg: c144/158 lr:0.000019 t:37.7s
tttg: c145/158 lr:0.000017 t:38.0s
tttg: c146/158 lr:0.000014 t:38.3s
tttg: c147/158 lr:0.000012 t:38.6s
tttg: c148/158 lr:0.000010 t:38.8s
tttg: c149/158 lr:0.000008 t:39.1s
tttg: c150/158 lr:0.000006 t:39.4s
tttg: c151/158 lr:0.000005 t:39.6s
tttg: c152/158 lr:0.000004 t:39.9s
tttg: c153/158 lr:0.000003 t:40.2s
tttg: c154/158 lr:0.000002 t:40.5s
tttg: c155/158 lr:0.000001 t:40.7s
tttg: c156/158 lr:0.000000 t:41.0s
tttg: c157/158 lr:0.000000 t:41.3s
ttpr: phase:3/3 t:445.3s
ttp: b2992/3125 bl:2.2094 bb:1.0254 rl:2.2521 rb:1.0548 dl:3031-3043 gd:1
ttp: b2979/3125 bl:2.1493 bb:1.0116 rl:2.2496 rb:1.0538 dl:2863-2877 gd:1
ttp: b2976/3125 bl:2.2752 bb:1.0681 rl:2.2502 rb:1.0541 dl:2833-2844 gd:1
ttp: b2967/3125 bl:2.3640 bb:1.0898 rl:2.2528 rb:1.0549 dl:2748-2756 gd:1
ttp: b2956/3125 bl:2.3372 bb:1.0651 rl:2.2545 rb:1.0551 dl:2647-2654 gd:1
ttp: b2948/3125 bl:2.3368 bb:1.0517 rl:2.2562 rb:1.0551 dl:2577-2584 gd:1
ttp: b2942/3125 bl:2.2582 bb:1.0632 rl:2.2562 rb:1.0552 dl:2536-2540 gd:1
ttp: b2934/3125 bl:2.3641 bb:1.0655 rl:2.2582 rb:1.0554 dl:2476-2481 gd:1
ttp: b2926/3125 bl:2.3082 bb:1.0090 rl:2.2591 rb:1.0545 dl:2424-2431 gd:1
ttp: b2920/3125 bl:2.2195 bb:0.9536 rl:2.2584 rb:1.0527 dl:2369-2379 gd:1
ttp: b2909/3125 bl:2.4765 bb:1.1137 rl:2.2620 rb:1.0537 dl:2307-2310 gd:1
ttp: b2902/3125 bl:2.2419 bb:1.0487 rl:2.2617 rb:1.0536 dl:2262-2268 gd:1
ttp: b2894/3125 bl:2.3621 bb:1.1033 rl:2.2632 rb:1.0544 dl:2214-2223 gd:1
ttp: b2886/3125 bl:2.2439 bb:1.0024 rl:2.2629 rb:1.0536 dl:2169-2175 gd:1
ttp: b2879/3125 bl:2.3936 bb:1.0661 rl:2.2648 rb:1.0538 dl:2135-2139 gd:1
ttp: b2871/3125 bl:2.1827 bb:1.0123 rl:2.2637 rb:1.0532 dl:2099-2102 gd:1
ttp: b2863/3125 bl:2.3103 bb:1.0832 rl:2.2643 rb:1.0536 dl:2061-2066 gd:1
ttp: b2855/3125 bl:2.3267 bb:1.0507 rl:2.2651 rb:1.0535 dl:2027-2032 gd:1
ttp: b2847/3125 bl:2.2073 bb:1.0903 rl:2.2644 rb:1.0540 dl:1995-1998 gd:1
ttp: b2839/3125 bl:2.1510 bb:1.0357 rl:2.2630 rb:1.0538 dl:1959-1962 gd:1
ttp: b2831/3125 bl:2.3457 bb:1.0593 rl:2.2640 rb:1.0538 dl:1930-1934 gd:1
ttp: b2823/3125 bl:2.4310 bb:1.1000 rl:2.2659 rb:1.0544 dl:1904-1907 gd:1
ttp: b2815/3125 bl:2.3501 bb:1.0953 rl:2.2669 rb:1.0548 dl:1882-1883 gd:1
ttp: b2806/3125 bl:2.4503 bb:1.0641 rl:2.2689 rb:1.0550 dl:1851-1853 gd:1
ttp: b2798/3125 bl:2.3954 bb:1.0738 rl:2.2703 rb:1.0552 dl:1828-1830 gd:1
ttp: b2791/3125 bl:2.3538 bb:1.0659 rl:2.2711 rb:1.0553 dl:1809-1812 gd:1
ttp: b2783/3125 bl:2.3305 bb:1.0688 rl:2.2718 rb:1.0554 dl:1785-1788 gd:1
ttp: b2776/3125 bl:2.4602 bb:1.0791 rl:2.2737 rb:1.0557 dl:1766-1770 gd:1
ttp: b2768/3125 bl:2.2643 bb:1.0200 rl:2.2736 rb:1.0553 dl:1744-1746 gd:1
ttp: b2760/3125 bl:2.3769 bb:1.1174 rl:2.2746 rb:1.0559 dl:1723-1726 gd:1
ttp: b2752/3125 bl:2.4882 bb:1.1827 rl:2.2766 rb:1.0571 dl:1704-1707 gd:1
ttp: b2744/3125 bl:2.3563 bb:1.0784 rl:2.2773 rb:1.0573 dl:1683-1686 gd:1
ttp: b2736/3125 bl:2.4958 bb:1.1114 rl:2.2793 rb:1.0578 dl:1663-1665 gd:1
ttp: b2727/3125 bl:2.4283 bb:1.0623 rl:2.2806 rb:1.0578 dl:1643-1644 gd:1
ttp: b2719/3125 bl:2.2784 bb:1.0412 rl:2.2806 rb:1.0577 dl:1624-1626 gd:1
ttp: b2712/3125 bl:2.2775 bb:1.0336 rl:2.2806 rb:1.0575 dl:1608-1611 gd:1
ttp: b2704/3125 bl:2.3473 bb:1.0865 rl:2.2812 rb:1.0577 dl:1593-1595 gd:1
ttp: b2696/3125 bl:2.3798 bb:1.0664 rl:2.2820 rb:1.0578 dl:1576-1579 gd:1
ttp: b2688/3125 bl:2.2712 bb:1.0470 rl:2.2819 rb:1.0577 dl:1561-1562 gd:1
ttp: b2680/3125 bl:2.3518 bb:1.0467 rl:2.2824 rb:1.0576 dl:1542-1545 gd:1
ttp: b2674/3125 bl:2.2956 bb:0.9987 rl:2.2825 rb:1.0571 dl:1533-1533 gd:1
ttp: b2665/3125 bl:2.2334 bb:1.0384 rl:2.2822 rb:1.0570 dl:1514-1516 gd:1
ttp: b2657/3125 bl:2.3337 bb:1.0446 rl:2.2826 rb:1.0569 dl:1500-1502 gd:1
ttp: b2650/3125 bl:2.4054 bb:1.0465 rl:2.2835 rb:1.0568 dl:1488-1490 gd:1
ttp: b2642/3125 bl:2.5514 bb:1.1486 rl:2.2854 rb:1.0575 dl:1476-1477 gd:1
ttp: b2634/3125 bl:2.2724 bb:1.0741 rl:2.2853 rb:1.0576 dl:1461-1463 gd:1
ttp: b2626/3125 bl:2.2179 bb:0.9620 rl:2.2849 rb:1.0569 dl:1448-1449 gd:1
ttp: b2618/3125 bl:2.4626 bb:1.0652 rl:2.2861 rb:1.0570 dl:1434-1436 gd:1
ttp: b2610/3125 bl:2.2887 bb:0.9959 rl:2.2861 rb:1.0565 dl:1420-1422 gd:1
ttp: b2602/3125 bl:2.4875 bb:1.0373 rl:2.2875 rb:1.0564 dl:1407-1409 gd:1
ttp: b2595/3125 bl:2.0815 bb:0.9443 rl:2.2861 rb:1.0556 dl:1395-1396 gd:1
ttp: b2587/3125 bl:2.3046 bb:1.0421 rl:2.2862 rb:1.0555 dl:1385-1386 gd:1
ttp: b2579/3125 bl:2.4773 bb:1.0988 rl:2.2874 rb:1.0558 dl:1370-1373 gd:1
ttp: b2571/3125 bl:2.2443 bb:0.9906 rl:2.2872 rb:1.0554 dl:1359-1361 gd:1
ttp: b2565/3125 bl:2.4171 bb:1.1042 rl:2.2880 rb:1.0557 dl:1350-1351 gd:1
ttp: b2557/3125 bl:2.2098 bb:1.0823 rl:2.2875 rb:1.0558 dl:1337-1338 gd:1
ttp: b2548/3125 bl:2.3894 bb:1.0881 rl:2.2881 rb:1.0560 dl:1324-1326 gd:1
ttp: b2540/3125 bl:2.3056 bb:1.0221 rl:2.2882 rb:1.0558 dl:1313-1314 gd:1
ttp: b2531/3125 bl:2.3144 bb:1.0230 rl:2.2884 rb:1.0556 dl:1300-1302 gd:1
ttp: b2524/3125 bl:2.3379 bb:0.9828 rl:2.2887 rb:1.0552 dl:1289-1290 gd:1
ttp: b2516/3125 bl:2.2852 bb:1.0227 rl:2.2886 rb:1.0550 dl:1279-1280 gd:1
ttp: b2508/3125 bl:2.4283 bb:1.0574 rl:2.2894 rb:1.0550 dl:1270-1271 gd:1
ttp: b2502/3125 bl:2.3397 bb:1.0683 rl:2.2897 rb:1.0551 dl:1261-1262 gd:1
ttp: b2494/3125 bl:2.2047 bb:1.0782 rl:2.2892 rb:1.0552 dl:1251-1252 gd:1
ttp: b2486/3125 bl:2.1981 bb:1.0638 rl:2.2888 rb:1.0552 dl:1239-1240 gd:1
ttp: b2478/3125 bl:2.3257 bb:1.0892 rl:2.2890 rb:1.0554 dl:1228-1229 gd:1
ttp: b2470/3125 bl:2.3943 bb:1.0955 rl:2.2895 rb:1.0556 dl:1218-1219 gd:1
ttp: b2462/3125 bl:2.3429 bb:1.0658 rl:2.2898 rb:1.0557 dl:1207-1208 gd:1
ttp: b2441/3125 bl:2.2990 bb:1.0257 rl:2.2898 rb:1.0555 dl:1182-1183 gd:1
ttp: b2433/3125 bl:2.3231 bb:1.0434 rl:2.2900 rb:1.0555 dl:1173-1174 gd:1
ttp: b2428/3125 bl:2.3268 bb:0.9824 rl:2.2902 rb:1.0551 dl:1168-1168 gd:1
ttp: b2420/3125 bl:2.2060 bb:0.9892 rl:2.2898 rb:1.0547 dl:1158-1159 gd:1
ttp: b2414/3125 bl:2.3864 bb:1.0503 rl:2.2902 rb:1.0547 dl:1151-1152 gd:1
ttp: b2405/3125 bl:2.3463 bb:1.0328 rl:2.2905 rb:1.0546 dl:1141-1143 gd:1
ttp: b2398/3125 bl:2.2017 bb:1.0132 rl:2.2901 rb:1.0544 dl:1134-1135 gd:1
ttp: b2390/3125 bl:2.4099 bb:1.0992 rl:2.2906 rb:1.0546 dl:1125-1127 gd:1
ttp: b2382/3125 bl:2.3166 bb:1.0546 rl:2.2908 rb:1.0546 dl:1116-1117 gd:1
ttp: b2375/3125 bl:2.2187 bb:1.0540 rl:2.2904 rb:1.0546 dl:1109-1109 gd:1
ttp: b2367/3125 bl:2.3650 bb:1.0639 rl:2.2908 rb:1.0547 dl:1100-1102 gd:1
ttp: b2359/3125 bl:2.4112 bb:1.0517 rl:2.2913 rb:1.0546 dl:1091-1093 gd:1
ttp: b2351/3125 bl:2.4753 bb:1.0849 rl:2.2921 rb:1.0548 dl:1084-1085 gd:1
ttp: b2343/3125 bl:2.2963 bb:1.0773 rl:2.2921 rb:1.0549 dl:1074-1076 gd:1
ttp: b2335/3125 bl:2.4743 bb:1.1118 rl:2.2929 rb:1.0551 dl:1067-1068 gd:1
ttp: b2328/3125 bl:2.3308 bb:1.0330 rl:2.2931 rb:1.0550 dl:1059-1060 gd:1
ttp: b2321/3125 bl:2.3364 bb:1.0515 rl:2.2932 rb:1.0550 dl:1052-1053 gd:1
ttp: b2313/3125 bl:2.3362 bb:1.0188 rl:2.2934 rb:1.0549 dl:1044-1045 gd:1
ttp: b2306/3125 bl:2.3193 bb:1.1026 rl:2.2935 rb:1.0550 dl:1039-1039 gd:1
ttp: b2298/3125 bl:2.2900 bb:1.0608 rl:2.2935 rb:1.0551 dl:1030-1031 gd:1
ttp: b2292/3125 bl:2.2685 bb:1.0938 rl:2.2934 rb:1.0552 dl:1025-1025 gd:1
ttp: b2283/3125 bl:2.2238 bb:1.0008 rl:2.2931 rb:1.0550 dl:1016-1017 gd:1
ttp: b2277/3125 bl:2.2214 bb:1.0145 rl:2.2929 rb:1.0548 dl:1010-1011 gd:1
ttp: b2270/3125 bl:2.4440 bb:1.1018 rl:2.2934 rb:1.0550 dl:1005-1005 gd:1
ttp: b2260/3125 bl:2.5630 bb:1.1419 rl:2.2945 rb:1.0554 dl:996-997 gd:1
ttp: b2253/3125 bl:2.2951 bb:1.0130 rl:2.2945 rb:1.0552 dl:990-991 gd:1
ttp: b2246/3125 bl:2.2707 bb:0.9610 rl:2.2944 rb:1.0548 dl:984-985 gd:1
ttp: b2239/3125 bl:2.2400 bb:1.0023 rl:2.2942 rb:1.0546 dl:977-978 gd:1
ttp: b2232/3125 bl:2.4600 bb:1.0361 rl:2.2948 rb:1.0545 dl:971-972 gd:1
ttp: b2225/3125 bl:2.5525 bb:1.1654 rl:2.2957 rb:1.0549 dl:965-966 gd:1
ttp: b2217/3125 bl:2.2956 bb:1.0555 rl:2.2957 rb:1.0549 dl:959-960 gd:1
ttp: b2210/3125 bl:2.2062 bb:1.0072 rl:2.2954 rb:1.0548 dl:953-954 gd:1
ttp: b2203/3125 bl:2.4721 bb:1.0821 rl:2.2960 rb:1.0549 dl:948-948 gd:1
ttp: b2194/3125 bl:2.2924 bb:1.0208 rl:2.2960 rb:1.0548 dl:940-941 gd:1
ttp: b2185/3125 bl:2.3154 bb:1.0712 rl:2.2961 rb:1.0548 dl:934-935 gd:1
ttp: b2178/3125 bl:2.3582 bb:1.0205 rl:2.2963 rb:1.0547 dl:928-929 gd:1
ttp: b2170/3125 bl:2.3504 bb:1.1181 rl:2.2965 rb:1.0549 dl:922-923 gd:1
ttp: b2162/3125 bl:2.4202 bb:1.0697 rl:2.2969 rb:1.0549 dl:916-917 gd:1
ttp: b2153/3125 bl:2.2253 bb:0.9939 rl:2.2967 rb:1.0547 dl:909-910 gd:1
ttp: b2147/3125 bl:2.4720 bb:1.0670 rl:2.2973 rb:1.0548 dl:904-904 gd:1
ttp: b2138/3125 bl:2.3455 bb:1.0776 rl:2.2974 rb:1.0549 dl:896-897 gd:1
ttp: b2130/3125 bl:2.3809 bb:1.1175 rl:2.2977 rb:1.0550 dl:890-891 gd:1
ttp: b2123/3125 bl:2.4822 bb:1.1242 rl:2.2983 rb:1.0553 dl:886-887 gd:1
ttp: b2116/3125 bl:2.3316 bb:1.0232 rl:2.2984 rb:1.0552 dl:881-882 gd:1
ttp: b2108/3125 bl:2.3108 bb:1.0270 rl:2.2984 rb:1.0551 dl:874-875 gd:1
ttp: b2101/3125 bl:2.3174 bb:1.0435 rl:2.2985 rb:1.0550 dl:869-870 gd:1
ttp: b2095/3125 bl:2.2043 bb:0.9874 rl:2.2982 rb:1.0548 dl:865-865 gd:1
ttp: b2087/3125 bl:2.2305 bb:0.9875 rl:2.2980 rb:1.0546 dl:859-859 gd:1
ttp: b2077/3125 bl:2.4046 bb:1.0625 rl:2.2983 rb:1.0546 dl:852-853 gd:1
ttp: b2069/3125 bl:2.4073 bb:1.0657 rl:2.2986 rb:1.0547 dl:846-847 gd:1
ttp: b2062/3125 bl:2.2513 bb:1.0176 rl:2.2985 rb:1.0546 dl:841-842 gd:1
ttp: b2054/3125 bl:2.2063 bb:1.0405 rl:2.2982 rb:1.0545 dl:836-837 gd:1
ttp: b2046/3125 bl:2.3161 bb:1.0745 rl:2.2983 rb:1.0546 dl:829-831 gd:1
ttp: b2039/3125 bl:2.4467 bb:1.0879 rl:2.2987 rb:1.0547 dl:824-825 gd:1
ttp: b2031/3125 bl:2.4303 bb:1.0742 rl:2.2991 rb:1.0547 dl:818-819 gd:1
ttp: b2023/3125 bl:2.3257 bb:1.0340 rl:2.2991 rb:1.0547 dl:813-814 gd:1
ttp: b2015/3125 bl:2.4234 bb:1.0300 rl:2.2995 rb:1.0546 dl:808-809 gd:1
ttp: b2007/3125 bl:2.3850 bb:1.0342 rl:2.2997 rb:1.0545 dl:803-804 gd:1
ttp: b2000/3125 bl:2.4023 bb:1.0550 rl:2.3000 rb:1.0545 dl:798-799 gd:1
ttp: b1996/3125 bl:2.3571 bb:1.0257 rl:2.3002 rb:1.0545 dl:796-796 gd:1
ttp: b1989/3125 bl:2.4317 bb:1.0441 rl:2.3005 rb:1.0544 dl:791-791 gd:1
ttp: b1980/3125 bl:2.3490 bb:0.9871 rl:2.3007 rb:1.0542 dl:785-786 gd:1
ttp: b1974/3125 bl:2.4115 bb:1.1454 rl:2.3010 rb:1.0545 dl:781-782 gd:1
ttp: b1966/3125 bl:2.2883 bb:1.0396 rl:2.3009 rb:1.0544 dl:776-777 gd:1
ttp: b1962/3125 bl:2.2070 bb:1.0237 rl:2.3007 rb:1.0543 dl:774-774 gd:1
ttp: b1954/3125 bl:2.5333 bb:1.1200 rl:2.3013 rb:1.0545 dl:770-770 gd:1
ttp: b1946/3125 bl:2.1263 bb:1.0172 rl:2.3008 rb:1.0544 dl:765-765 gd:1
ttp: b1937/3125 bl:2.3109 bb:1.0756 rl:2.3009 rb:1.0545 dl:759-760 gd:1
ttp: b1931/3125 bl:2.3690 bb:1.0740 rl:2.3010 rb:1.0545 dl:756-756 gd:1
ttp: b1924/3125 bl:2.4120 bb:1.0579 rl:2.3013 rb:1.0545 dl:751-752 gd:1
ttp: b1917/3125 bl:2.5727 bb:1.1252 rl:2.3020 rb:1.0547 dl:747-747 gd:1
ttp: b1909/3125 bl:2.3200 bb:1.0563 rl:2.3020 rb:1.0547 dl:742-743 gd:1
ttp: b1900/3125 bl:2.3192 bb:1.0251 rl:2.3021 rb:1.0547 dl:737-738 gd:1
ttp: b1894/3125 bl:2.2337 bb:1.0194 rl:2.3019 rb:1.0546 dl:734-734 gd:1
ttp: b1885/3125 bl:2.3673 bb:1.0389 rl:2.3021 rb:1.0545 dl:728-729 gd:1
ttp: b1879/3125 bl:2.4396 bb:1.0795 rl:2.3024 rb:1.0546 dl:725-725 gd:1
ttp: b1873/3125 bl:2.2859 bb:1.0165 rl:2.3023 rb:1.0545 dl:722-722 gd:1
ttp: b1865/3125 bl:2.3498 bb:1.0909 rl:2.3025 rb:1.0546 dl:717-717 gd:1
ttp: b1856/3125 bl:2.2985 bb:1.0365 rl:2.3025 rb:1.0545 dl:712-712 gd:1
ttp: b1849/3125 bl:2.4254 bb:1.0851 rl:2.3027 rb:1.0546 dl:708-708 gd:1
ttp: b1839/3125 bl:2.2029 bb:1.0235 rl:2.3025 rb:1.0545 dl:702-703 gd:1
ttp: b1830/3125 bl:2.2322 bb:0.9976 rl:2.3023 rb:1.0544 dl:698-699 gd:1
ttp: b1823/3125 bl:2.4387 bb:1.0686 rl:2.3027 rb:1.0544 dl:694-695 gd:1
ttp: b1818/3125 bl:2.2698 bb:1.0067 rl:2.3026 rb:1.0543 dl:692-692 gd:1
ttp: b1809/3125 bl:2.3089 bb:1.0386 rl:2.3026 rb:1.0543 dl:687-688 gd:1
ttp: b1801/3125 bl:2.4665 bb:1.0032 rl:2.3030 rb:1.0542 dl:682-683 gd:1
ttp: b1796/3125 bl:2.5503 bb:1.0842 rl:2.3035 rb:1.0542 dl:680-680 gd:1
ttp: b1787/3125 bl:2.2104 bb:1.0522 rl:2.3033 rb:1.0542 dl:675-676 gd:1
ttp: b1778/3125 bl:2.4739 bb:1.0161 rl:2.3037 rb:1.0541 dl:670-671 gd:1
ttp: b1770/3125 bl:2.3115 bb:1.1233 rl:2.3037 rb:1.0543 dl:666-667 gd:1
ttp: b1765/3125 bl:2.2499 bb:1.0347 rl:2.3036 rb:1.0542 dl:664-664 gd:1
ttp: b1757/3125 bl:2.1955 bb:1.0066 rl:2.3033 rb:1.0541 dl:659-660 gd:1
ttp: b1751/3125 bl:2.3468 bb:1.0763 rl:2.3034 rb:1.0542 dl:656-656 gd:1
ttp: b1741/3125 bl:2.2718 bb:1.0809 rl:2.3034 rb:1.0542 dl:651-652 gd:1
ttp: b1736/3125 bl:2.4753 bb:1.0730 rl:2.3037 rb:1.0543 dl:648-648 gd:1
ttp: b1725/3125 bl:2.4166 bb:1.1088 rl:2.3039 rb:1.0544 dl:643-644 gd:1
ttp: b1719/3125 bl:2.3547 bb:1.0588 rl:2.3040 rb:1.0544 dl:641-641 gd:1
ttp: b1709/3125 bl:2.3462 bb:1.0652 rl:2.3041 rb:1.0544 dl:636-637 gd:1
ttp: b1699/3125 bl:2.3794 bb:1.0787 rl:2.3043 rb:1.0545 dl:631-632 gd:1
ttp: b1693/3125 bl:2.2246 bb:1.0791 rl:2.3041 rb:1.0545 dl:629-629 gd:1
ttp: b1685/3125 bl:2.2970 bb:1.0611 rl:2.3041 rb:1.0545 dl:624-625 gd:1
ttp: b1678/3125 bl:2.4098 bb:1.1160 rl:2.3043 rb:1.0546 dl:621-621 gd:1
ttp: b1668/3125 bl:2.0615 bb:0.9609 rl:2.3038 rb:1.0545 dl:616-617 gd:1
ttp: b1663/3125 bl:2.4939 bb:1.1179 rl:2.3042 rb:1.0546 dl:614-614 gd:1
ttp: b1653/3125 bl:2.0945 bb:0.9417 rl:2.3038 rb:1.0544 dl:609-610 gd:1
ttp: b1645/3125 bl:2.4172 bb:1.0359 rl:2.3040 rb:1.0543 dl:605-606 gd:1
ttp: b1637/3125 bl:2.5079 bb:1.0566 rl:2.3044 rb:1.0543 dl:601-602 gd:1
ttp: b1632/3125 bl:2.2725 bb:1.0851 rl:2.3043 rb:1.0544 dl:598-598 gd:1
ttp: b1621/3125 bl:2.2961 bb:1.0620 rl:2.3043 rb:1.0544 dl:593-594 gd:1
ttp: b1614/3125 bl:2.5067 bb:1.1447 rl:2.3047 rb:1.0546 dl:590-591 gd:1
ttp: b1605/3125 bl:2.2327 bb:1.0600 rl:2.3046 rb:1.0546 dl:586-587 gd:1
ttp: b1601/3125 bl:2.3442 bb:1.0978 rl:2.3046 rb:1.0547 dl:584-584 gd:1
ttp: b1591/3125 bl:2.1973 bb:1.0304 rl:2.3044 rb:1.0546 dl:580-580 gd:1
ttp: b1584/3125 bl:2.4388 bb:1.1093 rl:2.3047 rb:1.0547 dl:576-577 gd:1
ttp: b1578/3125 bl:2.1697 bb:1.0833 rl:2.3044 rb:1.0548 dl:574-574 gd:1
ttp: b1572/3125 bl:2.4589 bb:1.1221 rl:2.3047 rb:1.0549 dl:571-571 gd:1
ttp: b1565/3125 bl:2.3497 bb:1.0884 rl:2.3048 rb:1.0549 dl:568-568 gd:1
ttp: b1556/3125 bl:2.3776 bb:1.1216 rl:2.3049 rb:1.0550 dl:564-564 gd:1
ttp: b1547/3125 bl:2.3096 bb:1.1603 rl:2.3049 rb:1.0552 dl:560-560 gd:1
ttp: b1541/3125 bl:2.2864 bb:1.1376 rl:2.3049 rb:1.0553 dl:557-557 gd:1
ttp: b1530/3125 bl:2.3132 bb:1.0400 rl:2.3049 rb:1.0553 dl:552-553 gd:1
ttp: b1525/3125 bl:2.1922 bb:1.1018 rl:2.3047 rb:1.0554 dl:550-550 gd:1
ttp: b1516/3125 bl:2.5141 bb:1.1341 rl:2.3051 rb:1.0555 dl:547-547 gd:1
ttp: b1508/3125 bl:2.2149 bb:1.0525 rl:2.3049 rb:1.0555 dl:543-544 gd:1
ttp: b1501/3125 bl:2.5397 bb:1.0912 rl:2.3053 rb:1.0556 dl:540-541 gd:1
ttp: b1495/3125 bl:2.1882 bb:1.0215 rl:2.3051 rb:1.0555 dl:538-538 gd:1
ttp: b1487/3125 bl:2.3726 bb:1.0923 rl:2.3052 rb:1.0556 dl:534-535 gd:1
ttp: b1481/3125 bl:2.2255 bb:1.0948 rl:2.3051 rb:1.0556 dl:532-532 gd:1
ttp: b1472/3125 bl:2.4224 bb:1.1158 rl:2.3053 rb:1.0557 dl:528-528 gd:1
ttp: b1463/3125 bl:2.4017 bb:1.1038 rl:2.3054 rb:1.0558 dl:525-525 gd:1
ttp: b1455/3125 bl:2.4350 bb:1.0654 rl:2.3056 rb:1.0558 dl:521-522 gd:1
ttp: b1449/3125 bl:2.4856 bb:1.1241 rl:2.3059 rb:1.0559 dl:519-519 gd:1
ttp: b1443/3125 bl:2.4035 bb:1.1442 rl:2.3061 rb:1.0561 dl:516-516 gd:1
ttp: b1432/3125 bl:2.3683 bb:1.0637 rl:2.3061 rb:1.0561 dl:511-512 gd:1
ttp: b1423/3125 bl:2.5117 bb:1.1337 rl:2.3065 rb:1.0562 dl:507-508 gd:1
ttp: b1417/3125 bl:2.2425 bb:1.0679 rl:2.3064 rb:1.0562 dl:504-505 gd:1
ttp: b1407/3125 bl:2.4498 bb:1.1392 rl:2.3066 rb:1.0563 dl:500-501 gd:1
ttp: b1403/3125 bl:2.2956 bb:1.0891 rl:2.3066 rb:1.0564 dl:499-499 gd:1
ttp: b1391/3125 bl:2.4493 bb:1.0512 rl:2.3068 rb:1.0564 dl:494-495 gd:1
ttp: b1386/3125 bl:2.2501 bb:1.0092 rl:2.3067 rb:1.0563 dl:493-493 gd:1
ttp: b1382/3125 bl:2.5555 bb:1.0980 rl:2.3070 rb:1.0564 dl:491-491 gd:1
ttp: b1372/3125 bl:2.1076 bb:1.0344 rl:2.3068 rb:1.0563 dl:488-488 gd:1
ttp: b1364/3125 bl:2.4374 bb:1.1220 rl:2.3069 rb:1.0564 dl:484-485 gd:1
ttp: b1359/3125 bl:2.4492 bb:1.0606 rl:2.3071 rb:1.0564 dl:483-483 gd:1
ttp: b1350/3125 bl:2.4251 bb:1.1445 rl:2.3073 rb:1.0565 dl:479-480 gd:1
ttp: b1347/3125 bl:2.3001 bb:1.0396 rl:2.3073 rb:1.0565 dl:478-478 gd:1
ttp: b1339/3125 bl:2.2846 bb:1.0224 rl:2.3073 rb:1.0565 dl:475-475 gd:1
ttp: b1331/3125 bl:2.4988 bb:1.1200 rl:2.3075 rb:1.0566 dl:472-472 gd:1
ttp: b1323/3125 bl:2.4439 bb:1.0965 rl:2.3077 rb:1.0566 dl:469-469 gd:1
ttp: b1315/3125 bl:2.4219 bb:1.0691 rl:2.3079 rb:1.0566 dl:466-466 gd:1
ttp: b1305/3125 bl:2.3116 bb:1.0570 rl:2.3079 rb:1.0566 dl:462-463 gd:1
ttp: b1300/3125 bl:2.3826 bb:1.0727 rl:2.3080 rb:1.0567 dl:460-461 gd:1
ttp: b1296/3125 bl:2.3882 bb:1.0004 rl:2.3081 rb:1.0566 dl:459-459 gd:1
ttp: b1291/3125 bl:2.5080 bb:1.1151 rl:2.3083 rb:1.0566 dl:457-457 gd:1
ttp: b1279/3125 bl:2.4085 bb:1.0974 rl:2.3085 rb:1.0567 dl:452-453 gd:1
ttp: b1272/3125 bl:2.3603 bb:1.1346 rl:2.3085 rb:1.0568 dl:449-450 gd:1
ttp: b1268/3125 bl:2.2411 bb:1.0554 rl:2.3084 rb:1.0568 dl:448-448 gd:1
ttp: b1260/3125 bl:2.4677 bb:1.1067 rl:2.3086 rb:1.0569 dl:445-445 gd:1
ttp: b1251/3125 bl:2.2616 bb:1.0412 rl:2.3086 rb:1.0568 dl:441-442 gd:1
ttp: b1243/3125 bl:2.3053 bb:1.1026 rl:2.3086 rb:1.0569 dl:439-439 gd:1
ttp: b1238/3125 bl:2.3077 bb:1.1399 rl:2.3086 rb:1.0570 dl:437-437 gd:1
ttp: b1226/3125 bl:2.4708 bb:1.1444 rl:2.3088 rb:1.0571 dl:432-433 gd:1
ttp: b1219/3125 bl:2.4736 bb:1.0866 rl:2.3090 rb:1.0571 dl:429-430 gd:1
ttp: b1210/3125 bl:2.4256 bb:1.1169 rl:2.3091 rb:1.0572 dl:426-427 gd:1
ttp: b1204/3125 bl:2.4234 bb:1.1239 rl:2.3093 rb:1.0573 dl:424-424 gd:1
ttp: b1200/3125 bl:2.2038 bb:1.0625 rl:2.3091 rb:1.0573 dl:422-422 gd:1
ttp: b1190/3125 bl:2.3585 bb:1.1014 rl:2.3092 rb:1.0573 dl:419-419 gd:1
ttp: b1182/3125 bl:2.3849 bb:1.1233 rl:2.3093 rb:1.0574 dl:416-416 gd:1
ttp: b1175/3125 bl:2.2974 bb:1.0436 rl:2.3093 rb:1.0574 dl:413-413 gd:1
ttp: b1168/3125 bl:2.3499 bb:1.1455 rl:2.3093 rb:1.0575 dl:410-410 gd:1
ttp: b1159/3125 bl:2.3571 bb:1.1363 rl:2.3094 rb:1.0576 dl:407-407 gd:1
ttp: b1149/3125 bl:2.1290 bb:0.9616 rl:2.3092 rb:1.0575 dl:403-404 gd:1
ttp: b1141/3125 bl:2.5704 bb:1.0833 rl:2.3095 rb:1.0575 dl:400-401 gd:1
ttp: b1136/3125 bl:2.4287 bb:1.1673 rl:2.3096 rb:1.0576 dl:399-399 gd:1
ttp: b1128/3125 bl:2.1200 bb:1.0819 rl:2.3094 rb:1.0576 dl:396-396 gd:1
ttp: b1117/3125 bl:2.3156 bb:1.0336 rl:2.3094 rb:1.0576 dl:393-393 gd:1
ttp: b1112/3125 bl:2.2664 bb:1.0764 rl:2.3093 rb:1.0576 dl:391-391 gd:1
ttp: b1104/3125 bl:2.3695 bb:1.0687 rl:2.3094 rb:1.0577 dl:388-388 gd:1
ttp: b1099/3125 bl:2.1863 bb:1.0522 rl:2.3093 rb:1.0576 dl:386-386 gd:1
ttp: b1089/3125 bl:2.2493 bb:1.0855 rl:2.3092 rb:1.0577 dl:383-383 gd:1
ttp: b1080/3125 bl:2.3775 bb:1.0747 rl:2.3093 rb:1.0577 dl:380-380 gd:1
ttp: b1073/3125 bl:2.2364 bb:1.1105 rl:2.3092 rb:1.0577 dl:378-378 gd:1
ttp: b1063/3125 bl:2.3068 bb:1.0617 rl:2.3092 rb:1.0577 dl:374-375 gd:1
ttp: b1059/3125 bl:2.5130 bb:1.1151 rl:2.3094 rb:1.0578 dl:373-373 gd:1
ttp: b1052/3125 bl:2.2419 bb:1.0056 rl:2.3093 rb:1.0578 dl:371-371 gd:1
ttp: b1040/3125 bl:2.3386 bb:1.0851 rl:2.3094 rb:1.0578 dl:367-368 gd:1
ttp: b1032/3125 bl:2.5196 bb:1.1551 rl:2.3096 rb:1.0579 dl:364-365 gd:1
ttp: b1026/3125 bl:2.2668 bb:1.0932 rl:2.3095 rb:1.0579 dl:362-363 gd:1
ttp: b1016/3125 bl:2.3735 bb:1.1184 rl:2.3096 rb:1.0580 dl:359-360 gd:1
ttp: b1012/3125 bl:2.3623 bb:1.1009 rl:2.3097 rb:1.0580 dl:358-358 gd:1
ttp: b1005/3125 bl:2.4097 bb:1.1736 rl:2.3098 rb:1.0581 dl:356-356 gd:1
ttp: b993/3125 bl:2.5376 bb:1.1395 rl:2.3100 rb:1.0582 dl:352-353 gd:1
ttp: b987/3125 bl:2.3194 bb:1.0811 rl:2.3100 rb:1.0582 dl:350-351 gd:1
ttp: b982/3125 bl:2.2861 bb:1.0588 rl:2.3100 rb:1.0582 dl:349-349 gd:1
ttp: b971/3125 bl:2.3181 bb:1.0959 rl:2.3100 rb:1.0583 dl:345-346 gd:1
ttp: b965/3125 bl:2.4344 bb:1.1096 rl:2.3101 rb:1.0583 dl:344-344 gd:1
ttp: b955/3125 bl:2.3377 bb:1.1051 rl:2.3101 rb:1.0583 dl:340-341 gd:1
ttp: b951/3125 bl:2.3778 bb:1.0522 rl:2.3102 rb:1.0583 dl:339-339 gd:1
ttp: b940/3125 bl:2.2429 bb:1.0882 rl:2.3101 rb:1.0584 dl:336-336 gd:1
ttp: b934/3125 bl:2.3060 bb:1.1062 rl:2.3101 rb:1.0584 dl:334-334 gd:1
ttp: b927/3125 bl:2.2022 bb:0.9960 rl:2.3100 rb:1.0584 dl:332-332 gd:1
ttp: b915/3125 bl:2.4557 bb:1.1322 rl:2.3101 rb:1.0584 dl:328-329 gd:1
ttp: b911/3125 bl:2.3364 bb:1.0946 rl:2.3102 rb:1.0584 dl:327-327 gd:1
ttp: b897/3125 bl:2.3700 bb:1.0933 rl:2.3102 rb:1.0585 dl:323-324 gd:1
ttp: b892/3125 bl:2.4509 bb:1.2656 rl:2.3103 rb:1.0586 dl:322-322 gd:1
ttp: b885/3125 bl:2.2983 bb:1.0982 rl:2.3103 rb:1.0587 dl:320-320 gd:1
ttp: b875/3125 bl:2.2531 bb:1.1145 rl:2.3103 rb:1.0587 dl:317-317 gd:1
ttp: b868/3125 bl:2.4601 bb:1.1385 rl:2.3104 rb:1.0588 dl:315-315 gd:1
ttp: b856/3125 bl:2.3183 bb:1.0707 rl:2.3104 rb:1.0588 dl:311-312 gd:1
ttp: b850/3125 bl:2.2537 bb:1.1331 rl:2.3104 rb:1.0589 dl:310-310 gd:1
ttp: b842/3125 bl:2.3636 bb:1.0996 rl:2.3104 rb:1.0589 dl:307-308 gd:1
ttp: b835/3125 bl:2.4026 bb:1.1523 rl:2.3105 rb:1.0590 dl:306-306 gd:1
ttp: b827/3125 bl:2.3494 bb:1.1551 rl:2.3105 rb:1.0590 dl:304-304 gd:1
ttp: b819/3125 bl:2.1806 bb:1.0169 rl:2.3104 rb:1.0590 dl:302-302 gd:1
ttp: b812/3125 bl:2.3491 bb:1.0921 rl:2.3104 rb:1.0590 dl:300-300 gd:1
ttp: b804/3125 bl:2.3353 bb:1.1446 rl:2.3105 rb:1.0591 dl:298-298 gd:1
ttp: b797/3125 bl:2.4262 bb:1.0895 rl:2.3106 rb:1.0591 dl:296-296 gd:1
ttp: b789/3125 bl:2.3844 bb:1.0849 rl:2.3106 rb:1.0591 dl:294-294 gd:1
ttp: b779/3125 bl:2.4166 bb:1.1267 rl:2.3107 rb:1.0592 dl:290-291 gd:1
ttp: b773/3125 bl:2.5009 bb:1.1036 rl:2.3108 rb:1.0592 dl:289-289 gd:1
ttp: b766/3125 bl:2.4734 bb:1.1689 rl:2.3110 rb:1.0593 dl:287-287 gd:1
ttp: b759/3125 bl:2.3151 bb:1.0526 rl:2.3110 rb:1.0593 dl:285-285 gd:1
ttp: b752/3125 bl:2.3912 bb:1.1417 rl:2.3110 rb:1.0594 dl:283-283 gd:1
ttp: b745/3125 bl:2.3311 bb:1.1113 rl:2.3111 rb:1.0594 dl:281-281 gd:1
ttp: b737/3125 bl:2.3792 bb:1.0478 rl:2.3111 rb:1.0594 dl:279-279 gd:1
ttp: b727/3125 bl:2.2799 bb:1.0602 rl:2.3111 rb:1.0594 dl:277-277 gd:1
ttp: b719/3125 bl:2.4766 bb:1.1703 rl:2.3112 rb:1.0595 dl:275-275 gd:1
ttp: b711/3125 bl:2.2655 bb:1.0729 rl:2.3112 rb:1.0595 dl:273-273 gd:1
ttp: b704/3125 bl:2.4972 bb:1.2779 rl:2.3113 rb:1.0596 dl:271-271 gd:1
ttp: b695/3125 bl:2.5047 bb:1.1927 rl:2.3114 rb:1.0597 dl:269-269 gd:1
ttp: b685/3125 bl:2.6690 bb:1.2404 rl:2.3117 rb:1.0598 dl:267-267 gd:1
ttp: b684/3125 bl:2.4297 bb:1.0938 rl:2.3118 rb:1.0599 dl:266-266 gd:1
ttp: b668/3125 bl:2.6878 bb:1.1609 rl:2.3120 rb:1.0599 dl:262-263 gd:1
ttp: b667/3125 bl:2.4502 bb:1.1533 rl:2.3121 rb:1.0600 dl:262-262 gd:1
ttp: b660/3125 bl:2.4925 bb:1.2419 rl:2.3123 rb:1.0601 dl:260-260 gd:1
ttp: b645/3125 bl:2.4550 bb:1.2406 rl:2.3124 rb:1.0602 dl:256-257 gd:1
ttp: b642/3125 bl:2.3609 bb:1.1616 rl:2.3124 rb:1.0603 dl:256-256 gd:1
ttp: b633/3125 bl:2.5975 bb:1.2839 rl:2.3126 rb:1.0604 dl:254-254 gd:1
ttp: b631/3125 bl:2.5163 bb:1.2614 rl:2.3127 rb:1.0605 dl:253-253 gd:1
ttp: b615/3125 bl:2.6471 bb:1.2235 rl:2.3129 rb:1.0607 dl:249-250 gd:1
ttp: b614/3125 bl:2.4203 bb:1.2043 rl:2.3130 rb:1.0607 dl:249-249 gd:1
ttp: b599/3125 bl:2.2561 bb:1.0670 rl:2.3130 rb:1.0607 dl:245-246 gd:1
ttp: b598/3125 bl:2.3954 bb:1.1103 rl:2.3130 rb:1.0608 dl:245-245 gd:1
ttp: b590/3125 bl:2.3771 bb:1.1365 rl:2.3131 rb:1.0608 dl:243-243 gd:1
ttp: b580/3125 bl:2.5747 bb:1.2123 rl:2.3132 rb:1.0609 dl:241-241 gd:1
ttp: b572/3125 bl:2.5054 bb:1.1658 rl:2.3134 rb:1.0610 dl:239-239 gd:1
ttp: b564/3125 bl:2.5553 bb:1.1716 rl:2.3135 rb:1.0611 dl:237-237 gd:1
ttp: b555/3125 bl:2.4098 bb:1.1608 rl:2.3136 rb:1.0611 dl:235-235 gd:1
ttp: b545/3125 bl:2.3275 bb:1.1155 rl:2.3136 rb:1.0611 dl:233-233 gd:1
ttp: b535/3125 bl:2.2726 bb:1.0585 rl:2.3135 rb:1.0611 dl:230-231 gd:1
ttp: b534/3125 bl:2.5230 bb:1.1570 rl:2.3137 rb:1.0612 dl:230-230 gd:1
ttp: b524/3125 bl:2.4649 bb:1.2132 rl:2.3138 rb:1.0613 dl:228-228 gd:1
ttp: b516/3125 bl:2.4040 bb:1.1835 rl:2.3138 rb:1.0614 dl:226-226 gd:1
ttp: b507/3125 bl:2.4261 bb:1.1179 rl:2.3139 rb:1.0614 dl:224-224 gd:1
ttp: b504/3125 bl:2.5112 bb:1.1547 rl:2.3140 rb:1.0614 dl:223-223 gd:1
ttp: b495/3125 bl:2.5275 bb:1.2415 rl:2.3141 rb:1.0615 dl:221-221 gd:1
ttp: b487/3125 bl:2.2960 bb:1.0586 rl:2.3141 rb:1.0615 dl:219-219 gd:1
ttp: b476/3125 bl:2.3164 bb:1.1261 rl:2.3141 rb:1.0616 dl:217-217 gd:1
ttp: b467/3125 bl:2.5475 bb:1.1764 rl:2.3142 rb:1.0616 dl:215-215 gd:1
ttp: b460/3125 bl:2.5689 bb:1.2345 rl:2.3144 rb:1.0617 dl:213-213 gd:1
ttp: b450/3125 bl:2.6069 bb:1.0912 rl:2.3145 rb:1.0617 dl:211-211 gd:1
ttp: b448/3125 bl:2.5866 bb:1.2472 rl:2.3147 rb:1.0618 dl:210-210 gd:1
ttp: b440/3125 bl:2.4808 bb:1.1960 rl:2.3148 rb:1.0619 dl:208-208 gd:1
ttp: b430/3125 bl:2.1565 bb:1.0975 rl:2.3147 rb:1.0619 dl:206-206 gd:1
ttp: b420/3125 bl:2.3497 bb:1.1791 rl:2.3147 rb:1.0620 dl:204-204 gd:1
ttp: b408/3125 bl:2.4172 bb:1.1786 rl:2.3148 rb:1.0620 dl:201-202 gd:1
ttp: b406/3125 bl:2.5929 bb:1.2205 rl:2.3149 rb:1.0621 dl:201-201 gd:1
ttp: b398/3125 bl:2.3555 bb:1.1055 rl:2.3149 rb:1.0621 dl:199-199 gd:1
ttp: b388/3125 bl:2.5220 bb:1.2671 rl:2.3150 rb:1.0622 dl:197-197 gd:1
ttp: b379/3125 bl:2.3269 bb:1.1471 rl:2.3150 rb:1.0623 dl:195-195 gd:1
ttp: b369/3125 bl:2.4775 bb:1.1567 rl:2.3151 rb:1.0623 dl:192-193 gd:1
ttp: b366/3125 bl:2.4961 bb:1.1129 rl:2.3152 rb:1.0623 dl:192-192 gd:1
ttp: b356/3125 bl:2.5731 bb:1.1552 rl:2.3153 rb:1.0624 dl:189-190 gd:1
ttp: b355/3125 bl:2.3767 bb:1.1655 rl:2.3154 rb:1.0624 dl:189-189 gd:1
ttp: b351/3125 bl:2.5269 bb:1.2401 rl:2.3155 rb:1.0625 dl:188-188 gd:1
ttp: b338/3125 bl:2.4888 bb:1.2422 rl:2.3156 rb:1.0626 dl:185-186 gd:1
ttp: b334/3125 bl:2.5682 bb:1.3015 rl:2.3157 rb:1.0627 dl:185-185 gd:1
ttp: b331/3125 bl:2.5091 bb:1.1838 rl:2.3158 rb:1.0628 dl:184-184 gd:1
ttp: b320/3125 bl:2.3415 bb:1.1576 rl:2.3158 rb:1.0628 dl:181-182 gd:1
ttp: b318/3125 bl:2.5594 bb:1.1604 rl:2.3159 rb:1.0628 dl:181-181 gd:1
ttp: b314/3125 bl:2.3883 bb:1.1084 rl:2.3159 rb:1.0629 dl:180-180 gd:1
ttp: b310/3125 bl:2.3722 bb:1.1976 rl:2.3160 rb:1.0629 dl:179-179 gd:1
ttp: b301/3125 bl:2.5605 bb:1.2026 rl:2.3161 rb:1.0630 dl:177-177 gd:1
ttp: b296/3125 bl:2.6773 bb:1.2670 rl:2.3162 rb:1.0631 dl:176-176 gd:1
ttp: b287/3125 bl:2.3375 bb:1.1304 rl:2.3162 rb:1.0631 dl:174-174 gd:1
ttp: b283/3125 bl:2.6757 bb:1.2723 rl:2.3164 rb:1.0632 dl:173-173 gd:1
ttp: b271/3125 bl:2.4730 bb:1.1359 rl:2.3165 rb:1.0632 dl:171-171 gd:1
ttp: b260/3125 bl:2.5055 bb:1.1271 rl:2.3166 rb:1.0633 dl:168-169 gd:1
ttp: b259/3125 bl:2.5028 bb:1.1528 rl:2.3166 rb:1.0633 dl:168-168 gd:1
ttp: b249/3125 bl:2.5220 bb:1.2425 rl:2.3167 rb:1.0634 dl:166-166 gd:1
ttp: b247/3125 bl:2.3924 bb:1.0853 rl:2.3168 rb:1.0634 dl:165-165 gd:1
ttp: b238/3125 bl:2.4265 bb:1.1824 rl:2.3168 rb:1.0634 dl:163-163 gd:1
ttp: b228/3125 bl:2.3549 bb:1.0692 rl:2.3168 rb:1.0634 dl:161-161 gd:1
ttp: b220/3125 bl:2.6646 bb:1.2812 rl:2.3170 rb:1.0635 dl:159-159 gd:1
ttp: b211/3125 bl:2.2683 bb:1.1485 rl:2.3169 rb:1.0635 dl:157-157 gd:1
ttp: b202/3125 bl:2.5669 bb:1.2214 rl:2.3170 rb:1.0636 dl:154-155 gd:1
ttp: b196/3125 bl:2.5621 bb:1.1772 rl:2.3171 rb:1.0636 dl:153-153 gd:1
ttp: b187/3125 bl:2.4707 bb:1.1268 rl:2.3172 rb:1.0637 dl:150-151 gd:1
ttp: b186/3125 bl:2.5467 bb:1.1390 rl:2.3173 rb:1.0637 dl:150-150 gd:1
ttp: b176/3125 bl:2.5313 bb:1.1888 rl:2.3174 rb:1.0637 dl:148-148 gd:1
ttp: b170/3125 bl:2.5922 bb:1.2675 rl:2.3175 rb:1.0638 dl:146-146 gd:1
ttp: b161/3125 bl:2.5079 bb:1.1980 rl:2.3175 rb:1.0639 dl:144-144 gd:1
ttp: b152/3125 bl:2.5393 bb:1.1893 rl:2.3176 rb:1.0639 dl:142-142 gd:1
ttp: b144/3125 bl:2.5437 bb:1.2480 rl:2.3177 rb:1.0640 dl:140-140 gd:1
ttp: b137/3125 bl:2.4961 bb:1.2508 rl:2.3178 rb:1.0640 dl:138-138 gd:1
ttp: b129/3125 bl:2.4421 bb:1.1728 rl:2.3178 rb:1.0641 dl:136-136 gd:1
ttp: b121/3125 bl:2.4286 bb:1.1999 rl:2.3178 rb:1.0641 dl:134-134 gd:1
ttp: b113/3125 bl:2.6313 bb:1.2124 rl:2.3179 rb:1.0642 dl:132-132 gd:1
ttp: b106/3125 bl:2.7402 bb:1.2935 rl:2.3181 rb:1.0642 dl:130-130 gd:1
ttp: b98/3125 bl:2.5967 bb:1.1588 rl:2.3182 rb:1.0643 dl:128-128 gd:1
ttp: b85/3125 bl:2.5475 bb:1.2556 rl:2.3182 rb:1.0643 dl:124-125 gd:1
ttp: b79/3125 bl:2.6611 bb:1.2150 rl:2.3184 rb:1.0644 dl:123-123 gd:1
ttp: b69/3125 bl:2.5190 bb:1.1217 rl:2.3184 rb:1.0644 dl:119-120 gd:1
ttp: b65/3125 bl:2.6104 bb:1.3138 rl:2.3185 rb:1.0645 dl:118-118 gd:1
ttp: b59/3125 bl:2.7195 bb:1.2804 rl:2.3186 rb:1.0645 dl:116-116 gd:1
ttp: b50/3125 bl:2.6868 bb:1.2816 rl:2.3187 rb:1.0646 dl:113-113 gd:1
ttp: b40/3125 bl:2.6247 bb:1.2499 rl:2.3188 rb:1.0646 dl:108-109 gd:1
ttp: b37/3125 bl:2.6743 bb:1.1370 rl:2.3189 rb:1.0646 dl:107-107 gd:1
ttp: b25/3125 bl:2.8184 bb:1.2650 rl:2.3190 rb:1.0647 dl:101-102 gd:1
ttp: b18/3125 bl:2.6704 bb:1.2721 rl:2.3191 rb:1.0647 dl:97-98 gd:1
ttp: b13/3125 bl:2.6459 bb:1.1904 rl:2.3192 rb:1.0648 dl:93-94 gd:1
ttp: b8/3125 bl:2.5547 bb:1.1046 rl:2.3193 rb:1.0648 dl:88-89 gd:1
ttp: b1/3125 bl:2.8721 bb:1.2080 rl:2.3193 rb:1.0648 dl:61-75 gd:1
quantized_ttt_phased val_loss:2.32657142 val_bpb:1.06314561 eval_time:604684ms
total_eval_time:604.7s
